Player,Pos,Age,Tm,FG,FGA,FG%,3P,3PA,3P%,2P,2PA,2P%,ORB,DRB,TRB,AST,STL,BLK,testdata
Bones Hyland,1,22,TOT,4.1,10.2,0.399,2.1,5.6,0.371,2.0,4.6,0.434,0.4,2.1,2.4,3.1,0.7,0.3,0
Devonte' Graham,1,27,TOT,2.2,5.9,0.374,1.6,4.6,0.352,0.6,1.3,0.452,0.3,1.4,1.7,2.7,0.6,0.2,0
Tyrese Haliburton,1,22,IND,7.4,15.0,0.49,2.9,7.2,0.4,4.5,7.8,0.572,0.6,3.1,3.7,10.4,1.6,0.4,0
R.J. Hampton,1,21,TOT,2.2,5.0,0.43,0.9,2.5,0.353,1.3,2.6,0.504,0.4,1.5,1.9,1.1,0.6,0.2,0
James Harden,1,33,PHI,6.4,14.5,0.441,2.8,7.2,0.385,3.6,7.3,0.495,0.7,5.4,6.1,10.7,1.2,0.5,0
TyTy Washington Jr.,1,21,HOU,1.9,5.2,0.363,0.6,2.6,0.238,1.3,2.6,0.488,0.1,1.4,1.5,1.5,0.5,0.1,0
Killian Hayes,1,21,DET,4.0,10.7,0.377,1.1,3.8,0.28,3.0,7.0,0.429,0.4,2.5,2.9,6.2,1.4,0.4,0
George Hill,1,36,TOT,1.7,3.6,0.47,0.7,2.1,0.358,1.0,1.5,0.62,0.3,1.5,1.8,2.4,0.6,0.1,0
Aaron Holiday,1,26,ATL,1.5,3.5,0.418,0.6,1.4,0.409,0.9,2.1,0.424,0.4,0.8,1.2,1.4,0.6,0.2,0
Jrue Holiday,1,32,MIL,7.3,15.3,0.479,2.4,6.1,0.384,5.0,9.1,0.542,1.2,3.9,5.1,7.4,1.2,0.4,1
John Wall,1,32,LAC,4.1,9.9,0.408,1.0,3.2,0.303,3.1,6.7,0.459,0.4,2.3,2.7,5.2,0.8,0.4,0
Trevor Hudgins,1,23,HOU,0.4,1.8,0.222,0.4,1.6,0.25,0.0,0.2,0.0,0.0,0.0,0.0,0.6,0.0,0.0,0
Marcus Smart,1,28,BOS,4.1,9.9,0.415,1.9,5.6,0.336,2.2,4.3,0.519,0.8,2.4,3.1,6.3,1.5,0.4,0
Kemba Walker,1,32,DAL,2.7,6.3,0.421,0.8,3.1,0.25,1.9,3.2,0.586,0.3,1.4,1.8,2.1,0.2,0.2,0
Kyrie Irving,1,30,TOT,9.9,20.1,0.494,3.1,8.3,0.379,6.8,11.8,0.574,1.0,4.1,5.1,5.5,1.1,0.8,0
Frank Jackson,1,24,UTA,0.0,3.0,0.0,0.0,1.0,0.0,0.0,2.0,0.0,1.0,1.0,2.0,1.0,0.0,0.0,1
Quenton Jackson,1,24,WAS,2.1,4.7,0.452,0.1,1.3,0.083,2.0,3.3,0.6,0.2,0.7,0.9,1.7,0.4,0.1,1
Reggie Jackson,1,32,TOT,3.9,9.4,0.411,1.4,4.2,0.333,2.5,5.2,0.474,0.4,1.8,2.1,3.4,0.7,0.1,0
Jordan Goodwin,1,24,WAS,2.5,5.7,0.448,0.6,1.9,0.322,1.9,3.8,0.511,0.9,2.4,3.3,2.7,0.9,0.4,0
Jacob Gilyard,1,24,MEM,1.0,3.0,0.333,1.0,3.0,0.333,0.0,0.0,0.0,0.0,4.0,4.0,7.0,3.0,0.0,0
Shai Gilgeous-Alexander,1,24,OKC,10.4,20.3,0.51,0.9,2.5,0.345,9.5,17.8,0.533,0.9,4.0,4.8,5.5,1.6,1.0,0
Russell Westbrook,1,34,TOT,5.9,13.6,0.436,1.2,3.9,0.311,4.7,9.7,0.487,1.2,4.6,5.8,7.5,1.0,0.5,0
Mike Conley,1,35,TOT,3.9,9.1,0.428,2.0,5.2,0.385,1.9,3.9,0.486,0.5,2.2,2.7,6.7,1.1,0.2,0
Cade Cunningham,1,21,DET,7.8,18.7,0.415,1.4,5.1,0.279,6.3,13.6,0.466,1.0,5.2,6.2,6.0,0.8,0.6,1
Stephen Curry,1,34,GSW,10.0,20.2,0.493,4.9,11.4,0.427,5.1,8.8,0.579,0.7,5.4,6.1,6.3,0.9,0.4,0
Dyson Daniels,1,19,NOP,1.5,3.5,0.418,0.5,1.5,0.314,1.0,2.1,0.492,0.6,2.6,3.2,2.3,0.7,0.2,0
JD Davison,1,20,BOS,0.7,1.6,0.421,0.2,0.6,0.286,0.5,1.0,0.5,0.2,0.6,0.8,0.9,0.2,0.2,0
Matthew Dellavedova,1,32,SAC,0.5,1.6,0.34,0.3,0.8,0.333,0.3,0.7,0.348,0.0,0.4,0.4,1.3,0.2,0.0,0
Lindell Wigginton,1,24,MIL,2.6,5.3,0.486,0.9,2.6,0.333,1.7,2.7,0.632,0.0,1.0,1.0,2.0,0.0,0.3,1
Spencer Dinwiddie,1,29,TOT,5.8,13.3,0.438,2.3,6.2,0.369,3.5,7.1,0.498,0.4,3.1,3.4,6.5,0.8,0.3,0
Carlik Jones,1,25,CHI,0.9,2.1,0.4,0.4,0.9,0.5,0.4,1.3,0.333,0.1,0.6,0.7,0.9,0.3,0.0,1
Luka Don?i?,1,23,DAL,10.9,22.0,0.496,2.8,8.2,0.342,8.1,13.8,0.588,0.8,7.8,8.6,8.0,1.4,0.5,1
Jeff Dowtin,1,25,TOR,1.0,2.3,0.439,0.2,0.6,0.313,0.8,1.6,0.488,0.2,0.7,0.9,1.2,0.4,0.1,0
Goran Dragi?,1,36,TOT,2.4,5.8,0.421,0.9,2.5,0.359,1.5,3.3,0.468,0.3,1.1,1.4,2.6,0.2,0.1,1
Kris Dunn,1,28,UTA,5.3,9.8,0.537,0.8,1.6,0.472,4.5,8.2,0.55,0.4,4.1,4.5,5.6,1.1,0.5,0
Malachi Flynn,1,24,TOR,1.6,4.6,0.36,0.9,2.5,0.353,0.8,2.1,0.367,0.3,1.2,1.4,1.3,0.4,0.1,0
Trent Forrest,1,24,ATL,1.1,2.6,0.417,0.0,0.1,0.0,1.1,2.5,0.431,0.2,1.4,1.6,1.7,0.3,0.1,0
De'Aaron Fox,1,25,SAC,9.3,18.2,0.512,1.6,5.0,0.324,7.7,13.2,0.584,0.5,3.6,4.2,6.1,1.1,0.3,0
Markelle Fultz,1,24,ORL,5.8,11.3,0.514,0.5,1.5,0.31,5.4,9.9,0.544,1.2,2.8,3.9,5.7,1.5,0.4,0
Darius Garland,1,23,CLE,7.6,16.4,0.462,2.4,6.0,0.41,5.1,10.4,0.492,0.4,2.3,2.7,7.8,1.2,0.1,0
Devon Dotson,1,23,WAS,0.2,1.7,0.1,0.2,0.7,0.25,0.0,1.0,0.0,1.0,0.7,1.7,1.3,0.8,0.0,0
Kennedy Chandler,1,20,MEM,1.0,2.3,0.422,0.1,0.4,0.133,0.9,1.9,0.485,0.3,0.8,1.1,1.6,0.3,0.1,0
Tre Jones,1,23,SAS,5.0,10.9,0.459,0.7,2.3,0.285,4.4,8.6,0.506,0.8,2.8,3.6,6.6,1.3,0.1,0
Cory Joseph,1,31,DET,2.4,5.7,0.427,1.1,2.9,0.389,1.3,2.8,0.468,0.3,1.4,1.7,3.5,0.5,0.1,1
Cameron Payne,1,28,PHO,3.9,9.4,0.415,1.4,3.9,0.368,2.5,5.6,0.448,0.3,2.0,2.2,4.5,0.7,0.2,0
Gary Payton II,1,30,TOT,1.9,3.1,0.594,0.6,1.2,0.5,1.3,2.0,0.651,1.1,2.0,3.1,1.4,1.0,0.2,0
Scotty Pippen Jr.,1,22,LAL,0.7,2.0,0.333,0.2,0.5,0.333,0.5,1.5,0.333,0.3,0.3,0.7,0.3,0.3,0.2,0
Jordan Poole,1,23,GSW,6.7,15.6,0.43,2.6,7.8,0.336,4.1,7.8,0.524,0.4,2.4,2.7,4.5,0.8,0.3,0
Kevin Porter Jr.,1,22,HOU,6.6,15.0,0.442,2.4,6.5,0.366,4.2,8.5,0.501,1.3,4.0,5.3,5.7,1.4,0.3,0
Jason Preston,1,23,LAC,1.3,2.9,0.439,0.4,1.3,0.278,0.9,1.6,0.565,0.1,1.4,1.6,1.9,0.1,0.0,0
Payton Pritchard,1,25,BOS,2.1,5.1,0.412,1.2,3.2,0.364,0.9,1.9,0.495,0.5,1.3,1.8,1.3,0.3,0.0,1
Immanuel Quickley,1,23,NYK,5.2,11.6,0.448,2.1,5.6,0.37,3.1,6.0,0.521,0.7,3.4,4.2,3.4,1.0,0.2,0
Jalen Suggs,1,21,ORL,3.5,8.4,0.419,1.2,3.8,0.327,2.3,4.6,0.496,1.0,2.0,3.0,2.9,1.3,0.5,0
Ryan Rollins,1,20,GSW,0.6,1.7,0.35,0.3,0.8,0.333,0.3,0.9,0.364,0.3,0.8,1.0,0.5,0.1,0.1,1
Derrick Rose,1,34,NYK,2.3,5.9,0.384,0.7,2.3,0.302,1.6,3.6,0.438,0.3,1.2,1.5,1.7,0.3,0.2,1
Ricky Rubio,1,32,CLE,1.8,5.4,0.343,0.6,2.5,0.256,1.2,2.9,0.417,0.3,1.8,2.1,3.5,0.8,0.2,1
D'Angelo Russell,1,26,TOT,6.3,13.4,0.469,2.7,6.9,0.396,3.5,6.5,0.548,0.5,2.5,3.0,6.2,1.0,0.4,0
Dennis Schröder,1,29,LAL,4.1,9.8,0.415,1.1,3.4,0.329,3.0,6.4,0.461,0.3,2.2,2.5,4.5,0.8,0.2,0
Ben Simmons,1,26,BRK,3.2,5.6,0.566,0.0,0.0,0.0,3.2,5.5,0.571,1.0,5.3,6.3,6.1,1.3,0.6,0
Kobi Simmons,1,25,CHO,0.2,1.2,0.167,0.2,1.0,0.2,0.0,0.2,0.0,0.2,0.6,0.8,1.0,0.0,0.4,0
Ish Smith,1,34,DEN,1.2,3.0,0.397,0.0,0.3,0.167,1.2,2.8,0.42,0.1,1.1,1.3,2.3,0.2,0.2,1
Chris Paul,1,37,PHO,5.0,11.3,0.44,1.7,4.4,0.375,3.3,6.9,0.482,0.5,3.8,4.3,8.9,1.5,0.4,1
Frank Ntilikina,1,24,DAL,1.0,2.8,0.364,0.4,1.4,0.254,0.7,1.4,0.477,0.1,1.2,1.3,1.2,0.3,0.1,0
Daishen Nix,1,20,HOU,1.4,4.2,0.342,0.7,2.5,0.286,0.7,1.7,0.423,0.3,1.4,1.7,2.3,0.5,0.1,0
Raul Neto,1,30,CLE,1.2,2.3,0.518,0.3,0.9,0.286,0.9,1.4,0.662,0.2,0.8,1.0,1.6,0.4,0.1,1
Gabe Vincent,1,26,MIA,3.4,8.3,0.402,1.7,5.1,0.334,1.6,3.2,0.512,0.4,1.7,2.1,2.5,0.9,0.1,0
Fred VanVleet,1,28,TOR,6.3,16.1,0.393,3.0,8.8,0.342,3.3,7.3,0.455,0.4,3.6,4.1,7.2,1.8,0.6,0
Vit Krejci,1,22,ATL,0.5,1.3,0.405,0.2,0.7,0.238,0.3,0.6,0.625,0.2,0.7,0.9,0.6,0.2,0.0,0
Saben Lee,1,23,TOT,2.0,4.8,0.405,0.4,1.2,0.367,1.5,3.6,0.418,0.5,1.3,1.8,2.7,0.8,0.0,0
Kira Lewis Jr.,1,21,NOP,1.6,3.5,0.455,0.6,1.4,0.441,1.0,2.2,0.463,0.2,1.1,1.3,0.9,0.4,0.1,0
Damian Lillard,1,32,POR,9.6,20.7,0.463,4.2,11.3,0.371,5.4,9.4,0.574,0.8,4.0,4.8,7.3,0.9,0.3,1
Kyle Lowry,1,36,MIA,3.6,8.8,0.404,1.9,5.6,0.345,1.6,3.2,0.509,0.8,3.3,4.1,5.1,1.0,0.4,0
Théo Maledon,1,21,CHO,2.3,5.8,0.402,0.6,2.2,0.295,1.7,3.6,0.465,0.3,2.5,2.8,3.5,0.8,0.3,0
Tyus Jones,1,26,MEM,3.9,8.9,0.438,1.5,4.1,0.371,2.4,4.8,0.495,0.4,2.2,2.5,5.2,1.0,0.1,0
Tre Mann,1,21,OKC,2.9,7.5,0.393,1.2,3.8,0.315,1.7,3.6,0.475,0.4,1.9,2.3,1.8,0.6,0.2,1
T.J. McConnell,1,30,IND,3.8,6.9,0.543,0.3,0.8,0.441,3.4,6.2,0.556,0.6,2.5,3.1,5.3,1.1,0.1,0
Jordan McLaughlin,1,26,MIN,1.4,3.4,0.421,0.6,1.8,0.308,0.9,1.6,0.552,0.3,1.1,1.4,3.4,0.7,0.1,0
De'Anthony Melton,1,24,PHI,3.6,8.5,0.425,2.0,5.2,0.39,1.6,3.2,0.484,0.9,3.2,4.1,2.6,1.6,0.5,0
Patty Mills,1,34,BRK,2.2,5.2,0.411,1.2,3.4,0.366,0.9,1.9,0.493,0.2,0.9,1.1,1.4,0.4,0.1,0
Davion Mitchell,1,24,SAC,2.3,5.0,0.454,0.8,2.5,0.32,1.5,2.5,0.584,0.2,1.1,1.3,2.3,0.6,0.2,0
Ja Morant,1,23,MEM,9.3,19.9,0.466,1.5,4.9,0.307,7.8,15.0,0.519,1.0,4.9,5.9,8.1,1.1,0.3,0
Monte Morris,1,27,WAS,4.0,8.3,0.48,1.3,3.3,0.382,2.7,5.0,0.543,0.4,3.0,3.4,5.3,0.7,0.2,1
Jamal Murray,1,25,DEN,7.3,16.0,0.454,2.6,6.6,0.398,4.6,9.4,0.494,0.7,3.2,4.0,6.2,1.0,0.2,0
Miles McBride,1,22,NYK,1.2,3.4,0.358,0.6,2.1,0.299,0.6,1.3,0.457,0.2,0.6,0.8,1.1,0.6,0.1,0
Alex Caruso,1,28,CHI,1.9,4.3,0.455,0.8,2.3,0.364,1.1,2.0,0.556,0.6,2.3,2.9,2.9,1.5,0.7,1
Dennis Smith Jr.,1,25,CHO,3.4,8.4,0.412,0.4,2.1,0.216,3.0,6.3,0.475,0.5,2.6,3.1,4.8,1.4,0.5,0
Malcolm Brogdon,1,30,BOS,5.3,10.9,0.484,2.0,4.4,0.444,3.3,6.5,0.51,0.6,3.6,4.2,3.7,0.7,0.3,0
Jalen Brunson,1,26,NYK,8.6,17.6,0.491,2.0,4.7,0.416,6.7,12.8,0.519,0.6,3.0,3.5,6.2,0.9,0.2,0
Cole Anthony,1,22,ORL,4.6,10.2,0.454,1.3,3.4,0.364,3.4,6.7,0.5,0.8,4.0,4.8,3.9,0.6,0.5,0
LaMelo Ball,1,21,CHO,8.2,20.0,0.411,4.0,10.6,0.376,4.2,9.4,0.45,1.2,5.3,6.4,8.4,1.3,0.3,0
Jose Alvarado,1,24,NOP,3.3,8.0,0.411,1.4,4.0,0.336,1.9,4.0,0.488,0.5,1.9,2.3,3.0,1.1,0.2,0
Michael Carter-Williams,1,31,ORL,1.5,3.5,0.429,0.3,0.8,0.333,1.3,2.8,0.455,0.3,1.0,1.3,1.8,0.3,0.3,0
Jamaree Bouyea,1,23,TOT,1.2,2.8,0.429,0.4,1.2,0.333,0.8,1.6,0.5,0.2,1.0,1.2,0.8,0.8,0.4,0
Facundo Campazzo,1,31,DAL,0.4,1.6,0.231,0.4,1.4,0.273,0.0,0.3,0.0,0.0,0.3,0.3,1.1,0.8,0.0,0
Jevon Carter,1,27,MIL,3.0,7.0,0.423,1.8,4.2,0.421,1.2,2.8,0.425,0.4,2.1,2.5,2.4,0.8,0.4,0
Patrick Beverley,1,34,TOT,2.1,5.4,0.4,1.2,3.6,0.335,1.0,1.8,0.529,0.7,3.0,3.7,2.9,0.9,0.6,0
Dalano Banton,1,23,TOR,1.8,4.2,0.423,0.5,1.6,0.294,1.3,2.5,0.506,0.4,1.1,1.5,1.2,0.4,0.4,1
McKinley Wright IV,1,24,DAL,1.7,3.6,0.469,0.3,1.0,0.321,1.4,2.6,0.529,0.3,1.4,1.7,2.1,0.3,0.2,1
Ryan Arcidiacono,1,28,TOT,0.5,1.9,0.243,0.4,1.2,0.348,0.1,0.7,0.071,0.0,0.8,0.8,1.2,0.3,0.0,0
Delon Wright,1,30,WAS,2.8,5.8,0.474,0.8,2.4,0.345,1.9,3.4,0.564,1.2,2.4,3.6,3.9,1.8,0.3,0
Buddy Boeheim,1,23,DET,0.5,2.7,0.185,0.4,2.5,0.16,0.1,0.2,0.5,0.2,0.4,0.6,0.4,0.2,0.0,0
Trae Young,1,24,ATL,8.2,19.0,0.429,2.1,6.3,0.335,6.1,12.7,0.476,0.8,2.2,3.0,10.2,1.1,0.1,0
Andrew Nembhard,2,23,IND,3.8,8.6,0.441,1.2,3.5,0.35,2.6,5.1,0.504,0.5,2.2,2.7,4.5,0.9,0.2,0
Talen Horton-Tucker,2,22,UTA,4.0,9.4,0.419,0.9,3.1,0.286,3.1,6.3,0.485,0.6,2.6,3.2,3.8,0.6,0.4,0
James Bouknight,2,22,CHO,2.0,5.7,0.358,1.0,3.2,0.303,1.1,2.5,0.429,0.2,1.9,2.1,1.2,0.4,0.1,1
Tyler Herro,2,23,MIA,7.3,16.6,0.439,3.0,8.0,0.378,4.2,8.5,0.497,0.4,5.0,5.4,4.2,0.8,0.2,0
Duane Washington Jr.,2,22,PHO,3.0,8.3,0.367,1.3,3.6,0.36,1.7,4.7,0.372,0.1,1.1,1.2,2.0,0.2,0.1,0
Klay Thompson,2,32,GSW,7.9,18.1,0.436,4.4,10.6,0.412,3.6,7.6,0.47,0.6,3.6,4.1,2.4,0.7,0.4,0
Justin Holiday,2,33,TOT,1.7,4.4,0.377,1.0,3.1,0.322,0.7,1.3,0.508,0.1,1.1,1.2,0.9,0.4,0.4,0
Jaylen Nowell,2,23,MIN,4.3,9.6,0.448,1.0,3.6,0.289,3.3,6.0,0.542,0.6,2.1,2.6,2.0,0.6,0.1,0
Kevin Huerter,2,24,SAC,5.6,11.5,0.485,2.7,6.8,0.402,2.9,4.7,0.604,0.6,2.8,3.3,2.9,1.1,0.3,1
Kendrick Nunn,2,27,TOT,2.7,6.4,0.424,1.1,3.2,0.354,1.6,3.2,0.493,0.2,1.3,1.6,1.3,0.4,0.1,1
Desmond Bane,2,24,MEM,7.8,16.2,0.479,2.9,7.0,0.408,4.9,9.2,0.534,0.7,4.3,5.0,4.4,1.0,0.4,0
Dejounte Murray,2,26,ATL,8.3,17.8,0.464,1.8,5.2,0.344,6.5,12.6,0.514,0.7,4.5,5.3,6.1,1.5,0.3,0
Shaquille Harrison,2,29,POR,3.0,7.2,0.417,0.6,2.0,0.3,2.4,5.2,0.462,0.2,4.2,4.4,6.0,2.2,0.4,0
Christian Braun,2,21,DEN,1.9,3.8,0.495,0.4,1.3,0.354,1.4,2.5,0.565,0.6,1.8,2.4,0.8,0.5,0.2,0
Jalen Green,2,20,HOU,7.4,17.9,0.416,2.5,7.3,0.338,5.0,10.6,0.471,0.6,3.2,3.7,3.7,0.8,0.2,0
Javonte Green,2,29,CHI,1.9,3.4,0.565,0.4,1.1,0.371,1.5,2.3,0.658,0.8,1.9,2.8,0.7,0.8,0.7,0
Josh Green,2,22,DAL,3.4,6.4,0.537,1.1,2.8,0.402,2.3,3.6,0.643,0.9,2.1,3.0,1.7,0.7,0.1,0
Quentin Grimes,2,22,NYK,4.0,8.5,0.468,2.2,5.7,0.386,1.8,2.7,0.641,0.7,2.5,3.2,2.1,0.7,0.4,0
A.J. Lawson,2,22,TOT,1.5,2.9,0.5,0.7,1.7,0.4,0.8,1.3,0.632,0.4,1.0,1.4,0.1,0.1,0.0,0
Dalen Terry,2,20,CHI,0.8,1.9,0.444,0.2,0.7,0.259,0.7,1.2,0.556,0.3,0.7,1.0,0.6,0.3,0.1,0
Victor Oladipo,2,30,MIA,3.8,9.6,0.397,1.7,5.0,0.33,2.1,4.5,0.471,0.4,2.7,3.0,3.5,1.4,0.3,0
Tim Hardaway Jr.,2,30,DAL,4.8,11.9,0.401,3.0,7.7,0.385,1.8,4.2,0.431,0.3,3.2,3.5,1.8,0.7,0.2,0
Jaden Hardy,2,20,DAL,3.0,6.9,0.438,1.3,3.3,0.404,1.7,3.7,0.469,0.2,1.6,1.9,1.4,0.4,0.1,0
Josh Okogie,2,24,PHO,2.3,5.8,0.391,0.9,2.7,0.335,1.3,3.0,0.442,1.5,2.0,3.5,1.5,0.8,0.5,0
Lindy Waters III,2,25,OKC,1.7,4.3,0.393,1.4,4.0,0.358,0.3,0.4,0.75,0.4,1.4,1.8,0.7,0.3,0.3,0
Gary Harris,2,28,ORL,2.9,6.4,0.45,2.0,4.5,0.431,0.9,1.9,0.494,0.4,1.6,2.0,1.2,0.9,0.3,0
Joe Harris,2,31,BRK,2.7,5.9,0.457,1.9,4.5,0.426,0.8,1.4,0.551,0.3,1.9,2.2,1.4,0.5,0.2,0
Kevon Harris,2,25,ORL,1.4,3.1,0.439,0.5,1.3,0.372,0.9,1.9,0.484,0.8,1.2,2.1,0.5,0.5,0.1,0
Lonnie Walker IV,2,24,LAL,4.2,9.4,0.448,1.6,4.4,0.365,2.6,5.0,0.522,0.3,1.7,1.9,1.1,0.5,0.3,0
Cam Thomas,2,21,BRK,3.5,8.0,0.441,0.9,2.3,0.383,2.6,5.7,0.464,0.1,1.5,1.7,1.4,0.4,0.1,0
Wendell Moore Jr.,2,21,MIN,0.6,1.5,0.419,0.1,0.6,0.118,0.6,0.9,0.615,0.1,0.5,0.6,0.6,0.3,0.2,0
Moses Moody,2,20,GSW,1.7,3.6,0.476,0.8,2.1,0.363,0.9,1.5,0.641,0.4,1.2,1.7,0.8,0.3,0.1,0
Devin Booker,2,26,PHO,9.9,20.1,0.494,2.1,6.0,0.351,7.8,14.2,0.554,0.9,3.7,4.5,5.5,1.0,0.3,0
Wesley Matthews,2,36,MIL,1.1,3.1,0.363,0.8,2.4,0.315,0.4,0.7,0.528,0.7,1.5,2.2,0.7,0.4,0.3,0
Garrison Mathews,2,26,TOT,1.4,3.7,0.363,1.2,3.3,0.35,0.2,0.4,0.476,0.2,1.1,1.4,0.5,0.4,0.1,1
Tyrese Martin,2,23,ATL,0.6,1.4,0.391,0.1,0.4,0.143,0.5,1.0,0.5,0.3,0.4,0.8,0.1,0.1,0.0,0
Trevor Keels,2,19,NYK,0.3,1.3,0.25,0.3,1.3,0.25,0.0,0.0,0.0,0.0,0.7,0.7,0.0,0.0,0.0,0
Luke Kennard,2,26,TOT,3.2,6.5,0.492,2.3,4.6,0.494,0.9,1.9,0.487,0.3,2.4,2.7,1.5,0.5,0.1,0
Devin Vassell,2,22,SAS,6.9,15.7,0.439,2.7,7.0,0.387,4.2,8.7,0.48,0.2,3.7,3.9,3.6,1.1,0.4,0
Terance Mann,2,26,LAC,3.4,6.5,0.519,1.0,2.4,0.389,2.4,4.0,0.598,1.0,2.5,3.4,2.3,0.5,0.3,0
Tyrese Maxey,2,22,PHI,7.3,15.2,0.481,2.7,6.2,0.434,4.7,9.1,0.513,0.4,2.6,2.9,3.5,0.8,0.1,0
John Konchar,2,26,MEM,1.9,4.4,0.431,0.8,2.5,0.339,1.1,2.0,0.545,0.9,3.4,4.3,1.4,1.1,0.3,1
Gary Trent Jr.,2,24,TOR,6.1,14.2,0.433,2.5,6.8,0.369,3.6,7.3,0.493,0.5,2.2,2.6,1.6,1.6,0.2,1
Bradley Beal,2,29,WAS,8.9,17.6,0.506,1.6,4.4,0.365,7.3,13.2,0.552,0.8,3.1,3.9,5.4,0.9,0.7,0
Malik Beasley,2,26,TOT,4.6,11.6,0.395,2.9,8.1,0.357,1.7,3.4,0.484,0.4,3.1,3.5,1.5,0.8,0.1,1
Caris LeVert,2,28,CLE,4.3,10.0,0.431,1.7,4.4,0.392,2.6,5.6,0.462,0.7,3.1,3.8,3.9,1.0,0.3,0
Stanley Umude,2,23,DET,0.0,1.0,0.0,0.0,1.0,0.0,0.0,0.0,0.0,0.0,0.0,0.0,0.0,1.0,1.0,0
Romeo Langford,2,23,SAS,2.8,6.0,0.467,0.4,1.4,0.262,2.4,4.6,0.53,1.3,1.3,2.7,1.2,0.6,0.3,0
Zach LaVine,2,27,CHI,8.7,18.0,0.485,2.6,7.1,0.375,6.1,11.0,0.556,0.5,3.9,4.5,4.2,0.9,0.2,1
Furkan Korkmaz,2,25,PHI,1.3,3.0,0.432,0.5,1.2,0.391,0.8,1.8,0.462,0.2,1.0,1.1,0.6,0.3,0.1,1
Skylar Mays,2,25,POR,5.7,11.3,0.5,2.0,4.3,0.462,3.7,7.0,0.524,0.3,2.8,3.2,8.3,1.0,0.2,0
Mac McClung,2,24,PHI,4.5,10.0,0.45,2.0,5.5,0.364,2.5,4.5,0.556,1.5,3.5,5.0,4.5,0.0,0.0,0
CJ McCollum,2,31,NOP,7.8,17.9,0.437,2.8,7.2,0.389,5.0,10.7,0.469,0.7,3.6,4.4,5.7,0.9,0.5,1
Xavier Moon,2,28,LAC,0.8,2.3,0.333,0.3,0.8,0.333,0.5,1.5,0.333,0.0,0.8,0.8,1.3,0.0,0.0,0
Gabe York,2,29,IND,2.7,7.0,0.381,2.0,6.0,0.333,0.7,1.0,0.667,0.0,2.0,2.0,1.7,0.7,0.0,0
Malik Monk,2,24,SAC,4.6,10.3,0.448,1.9,5.2,0.359,2.8,5.2,0.538,0.4,2.2,2.6,3.9,0.6,0.3,0
Leandro Bolmaro,2,22,UTA,0.2,1.4,0.15,0.0,0.3,0.0,0.2,1.1,0.188,0.3,0.2,0.5,0.5,0.2,0.1,0
Jaden Ivey,2,20,DET,5.5,13.3,0.416,1.6,4.7,0.343,3.9,8.6,0.457,1.0,2.9,3.9,5.2,0.8,0.2,0
Donovan Mitchell,2,26,CLE,10.0,20.6,0.484,3.6,9.3,0.386,6.4,11.3,0.566,0.9,3.3,4.3,4.4,1.5,0.4,0
Shake Milton,2,26,PHI,3.2,6.6,0.479,0.7,1.9,0.378,2.4,4.7,0.521,0.5,2.0,2.5,3.2,0.3,0.2,0
Bogdan Bogdanovi?,2,30,ATL,5.1,11.3,0.447,2.7,6.7,0.406,2.4,4.6,0.506,0.4,2.6,3.1,2.8,0.8,0.3,0
Ty Jerome,2,25,GSW,2.6,5.4,0.488,0.8,2.0,0.389,1.8,3.4,0.546,0.2,1.6,1.7,3.0,0.5,0.1,0
Isaiah Joe,2,23,OKC,3.1,7.0,0.441,2.2,5.4,0.409,0.9,1.6,0.553,0.4,2.0,2.4,1.2,0.7,0.1,0
Matisse Thybulle,2,25,TOT,1.5,3.6,0.435,0.8,2.1,0.365,0.8,1.5,0.533,0.6,1.4,2.0,0.7,1.2,0.5,0
Sam Merrill,2,26,CLE,1.8,4.4,0.409,1.0,3.6,0.278,0.8,0.8,1.0,0.0,1.8,1.8,1.0,0.8,0.0,0
RJ Barrett,2,22,NYK,7.0,16.1,0.434,1.7,5.3,0.31,5.3,10.8,0.495,0.8,4.2,5.0,2.8,0.4,0.2,0
Rodney McGruder,2,31,DET,1.9,4.8,0.408,1.3,3.0,0.423,0.7,1.7,0.382,0.6,1.7,2.3,0.9,0.5,0.0,0
Bryce McGowens,2,20,CHO,1.7,4.4,0.396,0.6,1.7,0.325,1.2,2.7,0.443,0.4,1.6,2.0,1.2,0.3,0.1,0
Keon Johnson,2,20,POR,1.7,4.5,0.376,0.7,2.0,0.346,1.0,2.4,0.402,0.3,0.8,1.1,1.5,0.5,0.2,0
Will Barton,2,32,TOT,2.5,6.5,0.379,1.2,3.2,0.367,1.3,3.3,0.391,0.3,2.2,2.4,2.0,0.5,0.2,0
Brandon Boston Jr.,2,21,LAC,2.3,5.5,0.418,0.5,1.3,0.414,1.8,4.2,0.419,0.3,1.0,1.4,0.9,0.4,0.0,0
Danny Green,2,35,TOT,2.0,4.5,0.449,1.5,3.4,0.432,0.5,1.1,0.5,0.3,1.0,1.3,0.5,0.5,0.3,0
Damion Lee,2,30,PHO,2.7,6.1,0.442,1.5,3.3,0.445,1.2,2.8,0.439,0.5,2.5,3.0,1.3,0.4,0.1,0
Theo Pinson,2,27,DAL,0.8,2.2,0.356,0.6,1.6,0.355,0.2,0.6,0.36,0.3,1.3,1.6,1.2,0.2,0.0,0
Kentavious Caldwell-Pope,2,29,DEN,3.8,8.3,0.462,1.8,4.2,0.423,2.1,4.1,0.502,0.5,2.3,2.7,2.4,1.5,0.5,1
Nickeil Alexander-Walker,2,24,TOT,2.2,5.0,0.444,1.0,2.7,0.384,1.2,2.3,0.515,0.3,1.5,1.7,1.8,0.5,0.4,1
Grayson Allen,2,27,MIL,3.4,7.7,0.44,2.0,5.1,0.399,1.4,2.7,0.518,0.8,2.4,3.3,2.3,0.9,0.2,0
Terry Rozier,2,28,CHO,7.8,18.9,0.415,2.6,8.0,0.327,5.2,10.8,0.48,0.8,3.3,4.1,5.1,1.2,0.3,0
Hamidou Diallo,2,24,DET,3.8,6.7,0.573,0.1,0.4,0.238,3.8,6.3,0.593,1.0,2.4,3.5,1.0,0.9,0.3,0
Terrence Ross,2,31,TOT,3.2,7.4,0.43,1.5,4.1,0.368,1.7,3.3,0.507,0.3,2.1,2.4,1.5,0.6,0.2,0
Donte DiVincenzo,2,26,GSW,3.3,7.5,0.435,2.1,5.3,0.397,1.2,2.3,0.525,1.1,3.4,4.5,3.5,1.3,0.1,0
Austin Rivers,2,30,MIN,1.8,4.0,0.435,0.8,2.4,0.35,0.9,1.7,0.558,0.1,1.5,1.6,1.4,0.5,0.1,0
Alondes Williams,2,23,BRK,0.0,0.0,0.0,0.0,0.0,0.0,0.0,0.0,0.0,0.0,1.0,1.0,0.0,0.0,0.0,0
Tyler Dorsey,2,26,DAL,1.3,1.7,0.8,0.3,0.7,0.5,1.0,1.0,1.0,0.3,0.3,0.7,0.0,0.0,0.0,1
A.J. Green,2,23,MIL,1.5,3.6,0.424,1.3,3.0,0.419,0.3,0.6,0.45,0.2,1.1,1.3,0.6,0.2,0.0,0
Jared Butler,2,22,OKC,2.5,5.3,0.469,1.2,2.3,0.5,1.3,3.0,0.444,0.2,0.5,0.7,1.3,0.8,0.0,1
Deonte Burton,2,29,SAC,0.0,1.0,0.0,0.0,0.5,0.0,0.0,0.5,0.0,0.0,0.0,0.0,0.0,0.0,0.0,0
PJ Dozier,2,26,SAC,0.6,2.1,0.303,0.1,1.0,0.125,0.5,1.1,0.471,0.1,0.8,0.9,0.6,0.4,0.1,0
Alec Burks,2,31,DET,3.9,9.0,0.436,1.9,4.7,0.414,2.0,4.3,0.459,0.4,2.7,3.1,2.2,0.7,0.2,0
Josh Richardson,2,29,TOT,3.7,8.5,0.431,1.6,4.5,0.365,2.0,4.0,0.506,0.6,2.1,2.7,2.7,1.1,0.3,0
David Duke Jr.,2,23,BRK,1.6,3.4,0.462,0.0,0.5,0.083,1.5,2.9,0.53,0.5,0.8,1.3,0.9,0.4,0.0,0
Jared Rhoden,2,23,DET,1.2,3.1,0.386,0.4,1.4,0.25,0.9,1.7,0.5,0.8,1.9,2.6,0.3,0.3,0.1,1
Luguentz Dort,2,23,OKC,4.6,11.8,0.388,1.8,5.5,0.33,2.8,6.3,0.44,1.7,2.9,4.6,2.1,1.0,0.3,1
Edmond Sumner,2,27,BRK,2.3,5.1,0.461,0.6,1.6,0.356,1.8,3.4,0.511,0.2,1.2,1.5,1.3,0.6,0.2,0
Terence Davis,2,25,SAC,2.4,5.7,0.423,1.4,3.8,0.366,1.0,1.9,0.537,0.3,1.9,2.2,1.0,0.7,0.2,0
Donovan Williams,2,21,ATL,1.0,2.5,0.4,0.0,1.0,0.0,1.0,1.5,0.667,0.0,1.0,1.0,0.0,0.0,0.0,0
Dru Smith,2,25,TOT,1.2,3.0,0.4,0.3,1.3,0.263,0.9,1.7,0.5,0.1,1.5,1.6,1.5,0.7,0.3,0
Jeenathan Williams,2,23,POR,4.8,7.8,0.615,0.6,1.6,0.375,4.2,6.2,0.677,2.0,1.0,3.0,2.0,0.6,0.4,0
Max Christie,2,19,LAL,1.1,2.6,0.415,0.6,1.5,0.419,0.4,1.1,0.409,0.2,1.7,1.8,0.5,0.2,0.2,0
Josh Christopher,2,21,HOU,2.4,5.1,0.465,0.3,1.4,0.236,2.1,3.8,0.55,0.3,0.8,1.1,1.1,0.5,0.2,1
Anfernee Simons,2,23,POR,7.5,16.9,0.447,3.4,9.1,0.377,4.1,7.8,0.528,0.3,2.3,2.6,4.1,0.7,0.2,0
Jordan Clarkson,2,30,UTA,7.5,16.9,0.444,2.5,7.5,0.338,5.0,9.4,0.53,1.2,2.9,4.0,4.4,0.5,0.2,0
Amir Coffey,2,25,LAC,1.1,2.9,0.386,0.2,0.8,0.275,0.9,2.1,0.429,0.3,0.7,1.1,1.1,0.1,0.1,0
Ochai Agbaji,2,22,UTA,2.8,6.5,0.427,1.4,3.9,0.355,1.4,2.7,0.532,0.7,1.3,2.1,1.1,0.3,0.3,0
Johnny Davis,2,20,WAS,2.4,6.1,0.386,0.6,2.5,0.243,1.8,3.6,0.485,0.4,2.0,2.3,1.0,0.4,0.3,1
Jalen Williams,2,21,OKC,5.5,10.6,0.521,1.0,2.7,0.356,4.5,7.9,0.579,1.1,3.4,4.5,3.3,1.4,0.5,0
Pat Connaughton,2,30,MIL,2.7,6.9,0.392,1.8,5.3,0.339,0.9,1.6,0.566,0.8,3.8,4.6,1.3,0.6,0.2,1
Landry Shamet,2,25,PHO,2.8,7.5,0.377,1.9,5.0,0.377,1.0,2.5,0.376,0.3,1.4,1.7,2.3,0.7,0.1,0
Collin Sexton,2,24,UTA,4.9,9.8,0.506,1.0,2.5,0.393,3.9,7.2,0.546,0.8,1.4,2.2,2.9,0.6,0.1,0
Dereon Seabron,2,22,NOP,0.4,1.0,0.4,0.0,0.0,0.0,0.4,1.0,0.4,0.2,0.0,0.2,0.0,0.0,0.0,0
Jarrett Culver,2,23,ATL,1.7,4.3,0.395,0.1,1.2,0.083,1.6,3.1,0.516,1.0,2.8,3.8,0.6,0.6,0.2,0
Jay Scrubb,2,22,ORL,2.5,3.5,0.714,1.0,1.0,1.0,1.5,2.5,0.6,0.0,3.0,3.0,0.5,1.0,0.0,0
Seth Curry,2,32,BRK,3.4,7.4,0.463,1.5,3.8,0.405,1.9,3.6,0.525,0.2,1.4,1.6,1.6,0.6,0.1,0
Jaden Springer,2,20,PHI,1.1,2.2,0.486,0.1,0.3,0.4,0.9,1.9,0.5,0.4,0.5,0.9,0.5,0.4,0.2,0
Shaedon Sharpe,2,19,POR,3.8,8.1,0.472,1.3,3.5,0.36,2.6,4.6,0.559,0.8,2.2,3.0,1.2,0.5,0.3,0
Aaron Wiggins,2,24,OKC,2.7,5.2,0.512,0.7,1.7,0.393,2.0,3.4,0.573,1.0,2.0,3.0,1.1,0.6,0.2,0
Ayo Dosunmu,2,23,CHI,3.5,7.1,0.493,0.7,2.4,0.312,2.8,4.8,0.583,0.6,2.2,2.8,2.6,0.8,0.3,0
Davon Reed,2,27,TOT,0.7,2.0,0.333,0.4,1.1,0.37,0.3,0.9,0.289,0.2,1.1,1.4,0.5,0.3,0.1,0
Norman Powell,2,29,LAC,5.7,11.8,0.479,1.9,4.8,0.397,3.8,7.1,0.534,0.4,2.5,2.9,1.8,0.8,0.3,0
Vince Williams Jr.,2,22,MEM,0.8,2.7,0.3,0.3,1.9,0.143,0.5,0.8,0.667,0.3,0.7,1.0,0.3,0.4,0.1,0
Coby White,2,22,CHI,3.6,8.0,0.443,1.7,4.6,0.372,1.8,3.4,0.54,0.2,2.6,2.9,2.8,0.7,0.1,0
Sterling Brown,2,27,LAL,0.0,1.0,0.0,0.0,0.5,0.0,0.0,0.5,0.0,0.8,1.3,2.0,0.5,0.8,0.0,0
Blake Wesley,2,19,SAS,1.9,5.8,0.321,0.5,1.4,0.385,1.3,4.4,0.301,0.3,1.9,2.2,2.7,0.7,0.1,0
Joshua Primo,2,20,SAS,2.3,6.5,0.346,0.8,3.0,0.25,1.5,3.5,0.429,0.5,2.8,3.3,4.5,0.3,0.5,1
Evan Fournier,2,30,NYK,2.1,6.1,0.337,1.3,4.2,0.307,0.8,1.9,0.404,0.1,1.7,1.8,1.3,0.6,0.1,0
Josh Giddey,2,20,OKC,7.1,14.7,0.482,1.0,3.1,0.325,6.1,11.6,0.524,1.9,5.9,7.9,6.2,0.8,0.4,0
Kendall Brown,2,19,IND,0.7,1.2,0.571,0.0,0.2,0.0,0.7,1.0,0.667,0.3,0.7,1.0,0.5,0.7,0.0,0
Bryn Forbes,2,29,MIN,1.2,3.3,0.361,0.6,1.8,0.304,0.6,1.5,0.432,0.2,0.4,0.6,0.7,0.3,0.1,0
Trevelin Queen,2,25,IND,1.0,4.1,0.241,0.3,2.1,0.133,0.7,2.0,0.357,1.1,1.3,2.4,0.9,0.3,0.7,0
Paul George,2,32,LAC,8.2,17.9,0.457,2.8,7.6,0.371,5.4,10.3,0.521,0.8,5.3,6.1,5.1,1.5,0.4,0
Peyton Watson,2,20,DEN,1.3,2.6,0.492,0.3,0.6,0.429,1.0,2.0,0.511,0.3,1.3,1.6,0.5,0.1,0.5,0
Anthony Edwards,2,21,MIN,8.9,19.5,0.459,2.7,7.3,0.369,6.3,12.2,0.513,0.6,5.2,5.8,4.4,1.6,0.7,0
Keon Ellis,2,23,SAC,0.4,1.0,0.438,0.4,0.8,0.5,0.1,0.3,0.25,0.3,0.3,0.5,0.4,0.3,0.1,0
Garrett Temple,2,36,NOP,0.7,1.8,0.4,0.4,1.0,0.423,0.3,0.8,0.368,0.2,0.5,0.7,0.5,0.4,0.1,0
Eric Gordon,2,34,TOT,4.2,9.5,0.446,1.9,5.2,0.371,2.3,4.3,0.535,0.2,1.7,1.9,2.7,0.6,0.4,0
Lester Quinones,2,22,GSW,0.5,1.3,0.4,0.5,1.0,0.5,0.0,0.3,0.0,0.3,0.5,0.8,0.5,0.3,0.0,1
Austin Reaves,2,24,LAL,4.0,7.7,0.529,1.3,3.4,0.398,2.7,4.3,0.631,0.5,2.5,3.0,3.4,0.5,0.3,0
Derrick White,2,28,BOS,4.3,9.2,0.462,1.8,4.8,0.381,2.5,4.5,0.548,0.6,2.9,3.6,3.9,0.7,0.9,0
Bruce Brown,2,26,DEN,4.5,9.3,0.483,1.1,3.2,0.358,3.3,6.1,0.548,0.8,3.3,4.1,3.4,1.1,0.6,1
Michael Porter Jr.,3,24,DEN,6.4,13.2,0.487,3.0,7.3,0.414,3.4,5.9,0.579,1.0,4.5,5.5,1.0,0.6,0.5,1
Kenyon Martin Jr.,3,22,HOU,5.0,8.8,0.569,0.8,2.6,0.315,4.2,6.1,0.679,1.5,4.0,5.5,1.5,0.5,0.4,0
Nassir Little,3,22,POR,2.5,5.6,0.442,1.1,2.9,0.367,1.4,2.7,0.524,0.5,2.1,2.6,0.9,0.4,0.4,0
Deni Avdija,3,22,WAS,3.3,7.6,0.437,0.9,3.1,0.297,2.4,4.6,0.53,1.0,5.4,6.4,2.8,0.9,0.4,0
Cedi Osman,3,27,CLE,3.1,6.9,0.451,1.5,4.1,0.372,1.6,2.8,0.564,0.3,2.0,2.3,1.5,0.5,0.1,0
Cody Martin,3,27,CHO,2.0,5.1,0.389,0.4,2.0,0.214,1.6,3.1,0.5,1.1,2.3,3.4,1.6,0.6,0.1,0
Isaac Okoro,3,22,CLE,2.3,4.7,0.494,0.8,2.3,0.363,1.5,2.4,0.617,0.7,1.8,2.5,1.1,0.7,0.4,0
Xavier Sneed,3,25,CHO,1.3,2.5,0.5,0.8,1.5,0.5,0.5,1.0,0.5,0.0,1.3,1.3,1.3,0.0,0.3,0
Naji Marshall,3,25,NOP,3.2,7.4,0.433,0.9,2.8,0.303,2.4,4.6,0.513,0.6,3.0,3.6,2.5,0.7,0.2,0
Kawhi Leonard,3,31,LAC,8.6,16.8,0.512,2.0,4.8,0.416,6.6,11.9,0.551,1.1,5.4,6.5,3.9,1.4,0.5,1
Keita Bates-Diop,3,27,SAS,3.5,6.9,0.508,0.8,2.1,0.394,2.7,4.8,0.557,1.0,2.7,3.7,1.5,0.7,0.3,0
Kelly Oubre Jr.,3,27,CHO,7.4,17.1,0.431,2.3,7.1,0.319,5.1,10.0,0.51,1.4,3.8,5.2,1.1,1.4,0.4,0
OG Anunoby,3,25,TOR,6.3,13.2,0.476,2.1,5.5,0.387,4.2,7.7,0.539,1.4,3.5,5.0,2.0,1.9,0.7,0
Eugene Omoruyi,3,25,TOT,2.5,5.7,0.443,0.6,2.2,0.281,1.9,3.5,0.547,1.1,1.7,2.8,0.7,0.7,0.1,0
Otto Porter Jr.,3,29,TOR,1.9,3.8,0.5,0.8,2.1,0.353,1.1,1.6,0.692,0.8,1.6,2.4,1.0,1.4,0.0,0
Lauri Markkanen,3,25,UTA,8.7,17.3,0.499,3.0,7.7,0.391,5.6,9.6,0.585,2.0,6.7,8.6,1.9,0.6,0.6,0
Juan Toscano-Anderson,3,29,TOT,1.2,2.8,0.448,0.2,0.8,0.186,1.1,1.9,0.56,0.5,1.8,2.4,1.3,0.3,0.2,0
Chuma Okeke,3,24,ORL,1.6,4.5,0.352,1.0,3.2,0.302,0.6,1.3,0.472,1.0,2.6,3.6,1.4,0.7,0.4,0
Bennedict Mathurin,3,20,IND,5.3,12.2,0.434,1.3,4.0,0.323,4.0,8.2,0.488,1.1,3.0,4.1,1.5,0.6,0.2,0
Cam Reddish,3,23,TOT,3.5,7.8,0.446,1.1,3.6,0.313,2.4,4.2,0.56,0.5,1.8,2.2,1.4,1.0,0.4,1
Max Strus,3,26,MIA,4.1,9.9,0.41,2.5,7.0,0.35,1.6,2.8,0.559,0.6,2.6,3.2,2.1,0.5,0.2,0
Keegan Murray,3,22,SAC,4.4,9.8,0.453,2.6,6.3,0.411,1.9,3.5,0.527,1.1,3.5,4.6,1.2,0.8,0.5,0
Svi Mykhailiuk,3,25,TOT,2.4,5.4,0.445,1.3,3.1,0.424,1.1,2.3,0.473,0.5,1.2,1.7,1.7,0.5,0.1,0
Aaron Nesmith,3,23,IND,3.5,8.1,0.427,1.6,4.3,0.366,1.9,3.8,0.496,0.8,2.9,3.8,1.3,0.8,0.5,0
Chima Moneke,3,27,SAC,0.5,1.0,0.5,0.0,0.0,0.0,0.5,1.0,0.5,1.0,0.0,1.0,0.5,0.0,0.0,0
Cole Swider,3,23,LAL,0.4,1.3,0.333,0.4,1.1,0.375,0.0,0.1,0.0,0.1,0.9,1.0,0.6,0.0,0.0,0
Dominick Barlow,3,19,SAS,1.6,3.1,0.535,0.0,0.1,0.0,1.6,2.9,0.561,1.6,2.0,3.6,0.9,0.4,0.7,0
Josh Minott,3,20,MIN,1.2,2.4,0.5,0.1,0.4,0.333,1.1,2.0,0.533,0.3,1.3,1.7,0.3,0.3,0.4,0
Justin Minaya,3,23,POR,1.8,5.8,0.304,0.8,3.0,0.25,1.0,2.8,0.364,0.8,3.0,3.8,1.0,0.5,1.3,1
Thanasis Antetokounmpo,3,30,MIL,0.5,1.2,0.435,0.0,0.2,0.0,0.5,1.0,0.526,0.4,0.8,1.2,0.4,0.1,0.1,1
Khris Middleton,3,31,MIL,5.4,12.3,0.436,1.5,4.9,0.315,3.8,7.4,0.516,0.8,3.4,4.2,4.9,0.7,0.2,0
Duncan Robinson,3,28,MIA,2.1,5.6,0.371,1.5,4.6,0.328,0.6,1.1,0.556,0.2,1.5,1.6,1.1,0.3,0.0,0
Patrick Baldwin Jr.,3,20,GSW,1.4,3.5,0.394,1.0,2.7,0.381,0.4,0.8,0.44,0.0,1.3,1.3,0.4,0.2,0.1,1
Taurean Prince,3,28,MIN,3.3,7.0,0.467,1.4,3.6,0.381,1.9,3.4,0.557,0.3,2.2,2.4,1.6,0.5,0.3,0
Jordan Nwora,3,24,TOT,3.1,7.2,0.436,1.4,3.4,0.408,1.7,3.8,0.462,0.8,2.9,3.7,1.4,0.4,0.2,0
Royce O'Neale,3,29,BRK,3.0,7.8,0.386,2.1,5.5,0.389,0.9,2.3,0.379,0.7,4.3,5.1,3.7,0.9,0.6,0
Doug McDermott,3,31,SAS,3.7,8.2,0.457,1.9,4.7,0.413,1.8,3.5,0.516,0.4,1.8,2.2,1.4,0.2,0.1,0
Jalen McDaniels,3,25,TOT,3.5,7.7,0.455,1.0,2.9,0.332,2.6,4.8,0.53,0.8,3.5,4.3,1.6,1.0,0.4,0
Matt Ryan,3,25,TOT,1.2,3.2,0.37,0.9,2.5,0.381,0.2,0.7,0.333,0.1,0.6,0.8,0.5,0.1,0.0,0
Jaden McDaniels,3,22,MIN,4.7,9.1,0.517,1.4,3.4,0.398,3.3,5.7,0.588,1.2,2.7,3.9,1.9,0.9,1.0,0
Trey Murphy III,3,22,NOP,4.9,10.1,0.484,2.6,6.3,0.406,2.3,3.8,0.611,0.7,2.8,3.6,1.4,1.1,0.5,0
Jordan Schakel,3,24,WAS,0.5,1.0,0.5,0.5,0.5,1.0,0.0,0.5,0.0,0.0,0.0,0.0,0.5,0.5,0.0,0
Jae'Sean Tate,3,27,HOU,3.5,7.4,0.48,0.4,1.5,0.283,3.1,5.9,0.53,1.3,2.5,3.8,2.7,0.7,0.2,0
Julian Champagnie,3,21,TOT,3.5,7.6,0.454,1.9,4.8,0.402,1.5,2.8,0.542,0.6,2.9,3.5,0.6,0.4,0.3,0
Corey Kispert,3,23,WAS,3.9,7.9,0.497,2.2,5.2,0.424,1.7,2.7,0.637,0.4,2.4,2.8,1.2,0.4,0.1,0
Yuta Watanabe,3,28,BRK,2.0,4.0,0.491,1.0,2.3,0.444,0.9,1.7,0.557,0.5,1.9,2.4,0.8,0.4,0.3,0
Joe Wieskamp,3,23,TOR,0.3,1.6,0.214,0.3,1.3,0.25,0.0,0.2,0.0,0.0,0.4,0.4,0.3,0.0,0.0,0
Kessler Edwards,3,22,TOT,1.0,2.6,0.387,0.5,1.5,0.309,0.5,1.1,0.5,0.6,1.1,1.7,0.6,0.4,0.2,1
De'Andre Hunter,3,25,ATL,5.7,12.3,0.461,1.5,4.3,0.35,4.2,8.0,0.521,0.7,3.6,4.2,1.4,0.5,0.3,0
Andre Iguodala,3,39,GSW,0.9,1.9,0.467,0.1,1.1,0.111,0.8,0.8,1.0,0.4,1.8,2.1,2.4,0.5,0.4,0
Joe Ingles,3,35,MIL,2.3,5.4,0.435,1.8,4.4,0.409,0.5,1.0,0.556,0.3,2.5,2.8,3.3,0.7,0.1,0
Brandon Ingram,3,25,NOP,9.0,18.6,0.484,1.4,3.6,0.39,7.6,14.9,0.507,0.5,5.0,5.5,5.8,0.7,0.4,0
Caleb Houstan,3,20,ORL,1.3,3.6,0.363,0.9,2.7,0.338,0.4,0.9,0.435,0.7,1.3,1.9,0.6,0.2,0.1,0
Reggie Bullock,3,31,DAL,2.5,6.0,0.409,1.9,5.1,0.38,0.5,0.9,0.562,0.4,3.2,3.6,1.4,0.7,0.2,0
Ish Wainright,3,28,PHO,1.4,3.8,0.37,1.0,2.9,0.329,0.5,0.9,0.5,0.8,1.6,2.3,0.9,0.6,0.4,0
Dillon Brooks,3,27,MEM,5.4,13.6,0.396,2.0,6.0,0.326,3.4,7.6,0.451,0.6,2.7,3.3,2.6,0.9,0.2,0
Chris Duarte,3,25,IND,2.7,7.2,0.369,1.2,3.8,0.316,1.5,3.5,0.428,0.4,2.1,2.5,1.4,0.5,0.2,0
Andrew Wiggins,3,27,GSW,6.8,14.3,0.473,2.4,6.1,0.396,4.4,8.2,0.53,1.6,3.4,5.0,2.3,1.2,0.8,0
Jimmy Butler,3,33,MIA,7.5,13.9,0.539,0.6,1.6,0.35,6.9,12.3,0.564,2.2,3.7,5.9,5.3,1.8,0.3,0
Jalen Johnson,3,21,ATL,2.3,4.6,0.491,0.4,1.5,0.288,1.8,3.1,0.587,0.7,3.3,4.0,1.2,0.5,0.5,0
Jabari Walker,3,20,POR,1.5,3.5,0.419,0.3,1.0,0.286,1.2,2.5,0.472,0.9,1.5,2.3,0.6,0.2,0.2,1
Danuel House Jr.,3,29,PHI,1.7,3.5,0.472,0.7,2.0,0.336,1.0,1.6,0.644,0.2,1.5,1.7,0.8,0.3,0.2,1
Jack White,3,25,DEN,0.5,1.1,0.421,0.2,0.5,0.333,0.3,0.6,0.5,0.4,0.6,1.0,0.2,0.2,0.1,1
Ziaire Williams,3,21,MEM,2.3,5.3,0.429,0.7,2.6,0.258,1.6,2.7,0.596,0.4,1.7,2.1,0.9,0.4,0.2,0
AJ Griffin,3,19,ATL,3.4,7.4,0.465,1.4,3.6,0.39,2.0,3.8,0.536,0.5,1.6,2.1,1.0,0.6,0.2,0
Jordan Hall,3,21,SAS,1.0,3.1,0.321,0.3,1.7,0.2,0.7,1.4,0.462,0.3,1.0,1.3,1.2,0.1,0.0,0
Oshae Brissett,3,24,IND,1.9,4.9,0.386,0.7,2.4,0.31,1.2,2.5,0.457,1.0,2.4,3.4,0.7,0.5,0.2,0
Mikal Bridges,3,26,TOT,7.1,15.3,0.468,2.0,5.3,0.382,5.1,9.9,0.514,1.0,3.4,4.4,3.3,1.1,0.7,1
Jaylen Brown,3,26,BOS,10.1,20.6,0.491,2.4,7.3,0.335,7.7,13.4,0.576,1.2,5.7,6.9,3.5,1.1,0.4,1
Ron Harper Jr.,3,22,TOR,0.9,1.8,0.5,0.3,1.0,0.333,0.6,0.8,0.714,0.3,0.4,0.8,0.4,0.0,0.1,0
Josh Hart,3,27,TOT,3.6,6.8,0.529,0.8,2.2,0.372,2.8,4.7,0.601,1.9,5.9,7.8,3.8,1.2,0.3,0
MarJon Beauchamp,3,22,MIL,1.8,4.7,0.395,0.9,2.7,0.331,0.9,1.9,0.485,0.7,1.5,2.2,0.7,0.4,0.1,1
Gordon Hayward,3,32,CHO,5.5,11.6,0.475,1.0,3.2,0.325,4.5,8.4,0.532,0.7,3.6,4.3,4.1,0.8,0.2,1
Buddy Hield,3,30,IND,5.9,13.0,0.458,3.6,8.5,0.425,2.3,4.5,0.518,0.8,4.2,5.0,2.8,1.2,0.3,1
Troy Brown Jr.,3,23,LAL,2.6,6.1,0.43,1.4,3.7,0.381,1.2,2.4,0.505,0.8,3.2,4.1,1.3,0.8,0.2,1
Haywood Highsmith,3,26,MIA,1.7,4.0,0.431,0.7,2.0,0.339,1.0,2.0,0.523,1.1,2.4,3.5,0.8,0.7,0.3,0
Malaki Branham,3,19,SAS,4.1,9.3,0.44,1.2,3.9,0.302,2.9,5.4,0.539,0.4,2.3,2.7,1.9,0.5,0.1,0
Simone Fontecchio,3,27,UTA,2.2,6.0,0.369,1.2,3.7,0.33,1.0,2.3,0.43,0.6,1.1,1.7,0.8,0.3,0.2,0
Malcolm Hill,3,27,CHI,0.4,0.8,0.5,0.2,0.6,0.333,0.2,0.2,1.0,0.0,0.6,0.6,0.0,0.0,0.0,0
Keldon Johnson,3,23,SAS,8.0,17.7,0.452,2.1,6.5,0.329,5.9,11.2,0.523,0.9,4.2,5.0,2.9,0.7,0.2,0
Stanley Johnson,3,26,SAS,2.2,4.1,0.533,0.6,1.3,0.45,1.6,2.7,0.573,0.7,2.4,3.2,2.2,0.5,0.2,1
Justin Jackson,3,27,BOS,0.3,1.2,0.259,0.2,0.9,0.25,0.1,0.3,0.286,0.1,0.7,0.7,0.4,0.2,0.2,0
Franz Wagner,3,21,ORL,6.8,14.0,0.485,1.6,4.5,0.361,5.2,9.5,0.544,0.9,3.2,4.1,3.5,1.0,0.2,1
Johnny Juzang,3,21,UTA,1.9,5.8,0.337,0.8,3.5,0.238,1.1,2.3,0.488,0.4,1.7,2.2,0.4,0.2,0.2,0
Torrey Craig,3,32,PHO,2.9,6.3,0.456,1.3,3.2,0.395,1.6,3.1,0.518,1.8,3.6,5.4,1.5,0.6,0.8,1
Louis King,3,23,PHI,8.0,13.0,0.615,4.0,8.0,0.5,4.0,5.0,0.8,2.0,2.0,4.0,2.0,1.0,0.0,0
DeMar DeRozan,3,33,CHI,8.9,17.6,0.504,0.6,1.9,0.324,8.3,15.7,0.526,0.5,4.2,4.6,5.1,1.1,0.5,1
Justise Winslow,3,26,POR,2.8,6.8,0.409,0.5,1.6,0.311,2.3,5.3,0.438,1.7,3.3,5.0,3.4,1.0,0.4,0
Braxton Key,3,25,DET,0.3,0.3,1.0,0.0,0.0,0.0,0.3,0.3,1.0,0.0,0.3,0.3,0.0,0.0,0.0,0
Anthony Lamb,3,25,GSW,2.4,5.1,0.471,1.2,3.2,0.367,1.2,1.9,0.652,0.9,2.6,3.5,1.5,0.5,0.3,1
Jamal Cain,3,23,MIA,2.1,3.7,0.561,0.4,1.1,0.35,1.7,2.6,0.652,0.8,2.1,2.9,0.7,0.6,0.1,0
Dylan Windler,3,26,CLE,0.7,1.0,0.667,0.3,0.7,0.5,0.3,0.3,1.0,0.0,0.0,0.0,0.3,0.3,0.0,0
Justin Champagnie,3,21,TOT,1.0,3.0,0.333,0.2,1.0,0.2,0.8,2.0,0.4,0.6,1.0,1.6,0.8,0.2,0.0,0
Herbert Jones,3,24,NOP,3.6,7.6,0.469,0.8,2.5,0.335,2.7,5.1,0.536,1.5,2.6,4.1,2.5,1.6,0.6,0
Derrick Jones Jr.,3,25,CHI,1.8,3.6,0.5,0.4,1.3,0.338,1.4,2.3,0.587,0.9,1.5,2.4,0.5,0.5,0.6,1
Jae Crowder,3,32,MIL,2.5,5.2,0.479,1.3,3.1,0.436,1.2,2.2,0.538,0.9,2.9,3.8,1.5,0.7,0.3,0
Ousmane Dieng,3,19,OKC,1.9,4.6,0.42,0.7,2.5,0.265,1.3,2.1,0.602,0.5,2.2,2.7,1.2,0.4,0.2,0
Saddiq Bey,3,23,TOT,4.6,10.9,0.422,2.0,5.4,0.361,2.6,5.4,0.483,1.3,3.4,4.7,1.5,0.9,0.2,0
Usman Garuba,4,20,HOU,1.1,2.4,0.486,0.3,0.8,0.407,0.8,1.6,0.525,1.6,2.5,4.1,0.9,0.6,0.4,0
Wenyen Gabriel,4,25,LAL,2.3,3.8,0.596,0.1,0.5,0.278,2.1,3.3,0.647,1.7,2.5,4.2,0.5,0.4,0.5,0
Jalen Smith,4,22,IND,3.6,7.5,0.476,0.8,2.8,0.283,2.8,4.7,0.593,1.9,3.9,5.8,1.0,0.3,0.9,1
Rudy Gay,4,36,UTA,1.9,5.1,0.38,0.6,2.3,0.254,1.4,2.8,0.484,0.6,2.3,2.9,1.0,0.3,0.3,0
Xavier Cooks,4,27,WAS,1.7,2.8,0.607,0.0,0.1,0.0,1.7,2.7,0.63,1.6,2.2,3.8,0.6,0.6,0.4,1
Micah Potter,4,24,UTA,1.4,2.1,0.667,0.6,1.0,0.571,0.9,1.1,0.75,0.4,1.9,2.3,0.6,0.1,0.0,0
Jayson Tatum,4,24,BOS,9.8,21.1,0.466,3.2,9.3,0.35,6.6,11.8,0.558,1.1,7.7,8.8,4.6,1.1,0.7,0
Chris Silva,4,26,DAL,1.0,1.0,1.0,0.0,0.0,0.0,1.0,1.0,1.0,0.0,0.0,0.0,0.0,0.0,0.0,0
Jabari Smith Jr.,4,19,HOU,4.6,11.3,0.408,1.5,4.9,0.307,3.1,6.3,0.487,1.5,5.7,7.2,1.3,0.5,0.9,0
Bobby Portis,4,27,MIL,5.7,11.5,0.496,1.4,3.7,0.37,4.3,7.8,0.555,2.2,7.4,9.6,1.5,0.4,0.2,0
John Collins,4,25,ATL,5.1,10.0,0.508,1.0,3.4,0.292,4.1,6.6,0.619,1.1,5.4,6.5,1.2,0.6,1.0,0
Jaylin Williams,4,20,OKC,2.1,4.8,0.436,0.9,2.3,0.407,1.1,2.5,0.463,0.9,4.0,4.9,1.6,0.6,0.2,0
Anthony Gill,4,30,WAS,1.2,2.2,0.538,0.1,0.5,0.138,1.1,1.7,0.65,0.6,1.1,1.7,0.6,0.1,0.2,0
Brandon Clarke,4,26,MEM,4.1,6.2,0.656,0.0,0.1,0.167,4.1,6.1,0.665,1.6,3.9,5.5,1.3,0.6,0.7,0
Greg Brown III,4,21,POR,0.7,1.8,0.393,0.1,0.4,0.143,0.6,1.3,0.476,0.1,1.1,1.2,0.2,0.3,0.3,1
Aaron Gordon,4,27,DEN,6.3,11.2,0.564,0.9,2.5,0.347,5.4,8.6,0.628,2.4,4.1,6.6,3.0,0.8,0.8,0
Aleksej Pokusevski,4,21,OKC,3.2,7.3,0.434,1.1,3.1,0.365,2.1,4.3,0.483,1.3,3.4,4.7,1.9,0.6,1.3,0
Terry Taylor,4,23,TOT,1.3,2.4,0.52,0.2,0.6,0.263,1.1,1.8,0.607,0.9,0.6,1.5,0.3,0.1,0.2,0
Grant Williams,4,24,BOS,2.7,6.0,0.454,1.5,3.7,0.395,1.3,2.3,0.546,1.1,3.5,4.6,1.7,0.5,0.4,1
Robert Covington,4,32,LAC,2.1,4.8,0.445,1.1,2.8,0.397,1.0,1.9,0.516,0.6,2.8,3.5,1.2,0.8,0.7,0
Admiral Schofield,4,25,ORL,1.5,3.3,0.451,0.6,2.0,0.324,0.8,1.3,0.646,0.6,1.1,1.7,0.8,0.2,0.1,0
Kenrich Williams,4,28,OKC,3.4,6.5,0.517,0.9,2.5,0.373,2.4,4.0,0.608,1.8,3.1,4.9,2.0,0.8,0.3,0
David Roddy,4,21,MEM,2.6,6.0,0.429,0.9,3.0,0.307,1.6,3.0,0.553,0.7,2.0,2.8,0.8,0.4,0.3,0
Isaiah Roby,4,24,SAS,1.6,3.7,0.432,0.4,1.4,0.3,1.2,2.3,0.516,0.5,2.0,2.5,0.9,0.4,0.2,0
Jeremiah Robinson-Earl,4,22,OKC,2.6,5.8,0.444,0.9,2.6,0.333,1.7,3.2,0.533,1.7,2.5,4.2,1.0,0.6,0.3,0
Lamar Stevens,4,25,CLE,2.1,4.6,0.448,0.5,1.5,0.316,1.6,3.1,0.513,0.8,2.6,3.3,0.5,0.4,0.3,1
Patrick Williams,4,21,CHI,3.8,8.3,0.464,1.4,3.4,0.415,2.4,4.9,0.498,1.0,3.0,4.0,1.2,0.9,0.9,0
Thaddeus Young,4,34,TOR,2.0,3.7,0.545,0.1,0.6,0.176,1.9,3.0,0.622,1.3,1.8,3.1,1.4,1.0,0.1,0
Mamadi Diakite,4,26,CLE,1.1,2.3,0.48,0.3,1.0,0.333,0.8,1.3,0.586,0.4,1.0,1.4,0.4,0.2,0.4,1
Moussa Diabaté,4,21,LAC,1.1,2.1,0.511,0.0,0.1,0.5,1.0,2.0,0.511,1.4,0.9,2.3,0.2,0.3,0.4,1
Kyle Anderson,4,29,MIN,3.7,7.2,0.509,0.6,1.5,0.41,3.0,5.7,0.536,1.0,4.4,5.3,4.9,1.1,0.9,1
Michael Foster Jr.,4,20,PHI,0.0,0.0,0.0,0.0,0.0,0.0,0.0,0.0,0.0,0.0,0.0,0.0,0.0,0.0,0.0,0
Kevin Durant,4,34,TOT,10.3,18.3,0.56,2.0,4.9,0.404,8.3,13.4,0.617,0.4,6.3,6.7,5.0,0.7,1.4,0
Darius Days,4,23,HOU,1.3,3.0,0.417,0.8,2.5,0.3,0.5,0.5,1.0,0.3,1.3,1.5,0.3,0.0,0.3,0
Vlatko ?an?ar,4,25,DEN,1.8,3.8,0.476,0.7,1.9,0.374,1.1,1.9,0.58,0.4,1.7,2.1,1.3,0.4,0.2,0
Luka amani?,4,23,UTA,3.7,8.1,0.456,1.1,4.4,0.258,2.6,3.7,0.692,0.0,4.3,4.3,2.1,0.9,0.3,0
Julius Randle,4,28,NYK,8.5,18.6,0.459,2.8,8.3,0.343,5.7,10.3,0.553,1.8,8.1,10.0,4.1,0.6,0.3,0
Dario ari?,4,28,TOT,2.2,4.9,0.458,0.8,2.0,0.391,1.4,2.8,0.506,0.9,2.7,3.6,1.3,0.4,0.1,0
Jeremy Sochan,4,19,SAS,4.5,9.9,0.453,0.6,2.4,0.246,3.9,7.5,0.519,1.7,3.6,5.3,2.5,0.8,0.4,1
Giannis Antetokounmpo,4,28,MIL,11.2,20.3,0.553,0.7,2.7,0.275,10.5,17.6,0.596,2.2,9.6,11.8,5.7,0.8,0.8,1
Dorian Finney-Smith,4,29,TOT,3.0,7.6,0.391,1.7,5.1,0.337,1.2,2.5,0.503,1.7,3.1,4.8,1.5,0.8,0.5,1
Santi Aldama,4,22,MEM,3.2,6.8,0.47,1.2,3.5,0.353,2.0,3.4,0.591,1.1,3.7,4.8,1.3,0.6,0.6,0
Tari Eason,4,21,HOU,3.6,8.0,0.448,0.7,2.1,0.343,2.9,6.0,0.486,2.4,3.7,6.0,1.1,1.2,0.6,1
Jerami Grant,4,28,POR,6.9,14.5,0.475,2.3,5.7,0.401,4.6,8.8,0.523,0.8,3.7,4.5,2.4,0.8,0.8,1
Nathan Knight,4,25,MIN,1.2,2.1,0.568,0.2,0.6,0.364,1.0,1.6,0.644,0.6,0.9,1.5,0.3,0.3,0.2,0
Draymond Green,4,32,GSW,3.4,6.5,0.527,0.5,1.8,0.305,2.9,4.7,0.612,0.9,6.3,7.2,6.8,1.0,0.8,0
RaiQuan Gray,4,23,BRK,6.0,12.0,0.5,2.0,5.0,0.4,4.0,7.0,0.571,3.0,6.0,9.0,7.0,0.0,1.0,1
Scottie Barnes,4,21,TOR,6.0,13.2,0.456,0.8,2.9,0.281,5.2,10.3,0.505,2.3,4.3,6.6,4.8,1.1,0.8,0
James Johnson,4,35,IND,1.2,2.7,0.449,0.2,0.8,0.2,1.1,1.9,0.559,0.2,1.4,1.7,0.8,0.4,0.3,1
Xavier Tillman Sr.,4,24,MEM,3.1,5.0,0.614,0.1,0.2,0.267,3.0,4.8,0.632,2.0,3.0,5.0,1.6,1.0,0.5,0
Dean Wade,4,26,CLE,1.7,4.0,0.412,1.0,2.9,0.354,0.6,1.1,0.56,0.5,3.0,3.4,0.8,0.6,0.5,0
Zion Williamson,4,22,NOP,9.8,16.2,0.608,0.2,0.7,0.368,9.6,15.5,0.618,2.0,5.0,7.0,4.6,1.1,0.6,0
Nikola Jovi?,4,19,MIA,1.9,4.6,0.406,0.5,2.3,0.229,1.3,2.3,0.588,0.6,1.5,2.1,0.7,0.5,0.1,0
Mfiondu Kabengele,4,25,BOS,0.5,1.8,0.286,0.0,0.8,0.0,0.5,1.0,0.5,1.3,1.3,2.5,0.0,0.5,0.0,0
Caleb Martin,4,27,MIA,3.6,7.7,0.464,1.2,3.3,0.356,2.4,4.4,0.545,1.2,3.6,4.8,1.6,1.0,0.4,0
Isaiah Todd,4,21,WAS,0.5,3.2,0.158,0.2,1.7,0.1,0.3,1.5,0.222,0.3,1.7,2.0,0.7,0.2,0.0,0
Kevin Knox,4,23,TOT,2.4,5.3,0.458,1.0,3.0,0.349,1.4,2.3,0.596,0.5,2.3,2.8,0.5,0.4,0.2,0
Obi Toppin,4,24,NYK,2.8,6.3,0.446,1.3,3.7,0.344,1.5,2.6,0.593,0.4,2.4,2.8,1.0,0.3,0.2,0
Nicolas Batum,4,34,LAC,2.1,4.9,0.42,1.6,4.1,0.391,0.5,0.8,0.563,0.8,3.0,3.8,1.6,0.7,0.6,0
Trey Lyles,4,27,SAC,2.5,5.5,0.458,1.2,3.2,0.363,1.4,2.3,0.595,0.9,3.1,4.1,0.9,0.4,0.4,1
Darius Bazley,4,22,TOT,1.9,4.3,0.454,0.5,1.2,0.377,1.5,3.0,0.485,0.8,2.4,3.2,0.9,0.5,0.8,0
Kevin Love,4,34,TOT,2.7,6.8,0.389,1.6,4.8,0.334,1.1,2.1,0.516,1.0,5.5,6.4,1.9,0.3,0.2,0
Jarred Vanderbilt,4,23,TOT,3.2,5.8,0.548,0.4,1.2,0.322,2.8,4.6,0.604,2.2,5.3,7.5,2.4,1.1,0.3,0
Karl-Anthony Towns,4,27,MIN,7.3,14.8,0.495,2.1,5.7,0.366,5.2,9.1,0.576,1.7,6.5,8.1,4.8,0.7,0.6,0
Kenneth Lofton Jr.,4,20,MEM,2.0,3.9,0.527,0.3,0.7,0.353,1.8,3.2,0.566,0.8,1.3,2.1,0.8,0.2,0.1,1
Isaiah Livers,4,24,DET,2.3,5.5,0.417,1.4,3.9,0.365,0.9,1.6,0.541,0.5,2.2,2.8,0.8,0.5,0.5,0
D?vis Bert?ns,4,30,DAL,1.5,3.6,0.431,1.2,3.1,0.39,0.3,0.4,0.737,0.2,1.0,1.2,0.5,0.2,0.2,1
Jonathan Kuminga,4,20,GSW,3.9,7.4,0.525,0.8,2.2,0.37,3.1,5.2,0.59,1.0,2.4,3.4,1.9,0.6,0.5,0
Kyle Kuzma,4,27,WAS,8.0,17.8,0.448,2.5,7.5,0.333,5.5,10.3,0.533,0.9,6.4,7.2,3.7,0.6,0.5,0
P.J. Tucker,4,37,PHI,1.3,3.0,0.427,0.7,1.9,0.393,0.5,1.1,0.482,1.3,2.7,3.9,0.8,0.5,0.2,0
Jake LaRavia,4,21,MEM,1.1,2.7,0.389,0.7,2.0,0.338,0.4,0.7,0.542,0.5,1.3,1.8,0.6,0.3,0.1,0
Alize Johnson,4,26,SAS,0.8,1.5,0.5,0.0,0.5,0.0,0.8,1.0,0.75,0.5,2.0,2.5,0.3,0.3,0.0,1
LeBron James,4,38,LAL,11.1,22.2,0.5,2.2,6.9,0.321,8.9,15.3,0.58,1.2,7.1,8.3,6.8,0.9,0.6,0
Cameron Johnson,4,26,TOT,5.3,11.3,0.47,2.5,6.1,0.404,2.9,5.2,0.548,0.8,3.6,4.4,1.9,1.2,0.3,0
Bojan Bogdanovi?,4,33,DET,7.3,14.9,0.488,2.5,6.0,0.411,4.8,9.0,0.539,0.6,3.2,3.8,2.6,0.6,0.1,0
P.J. Washington,4,24,CHO,5.9,13.4,0.444,2.0,5.9,0.348,3.9,7.5,0.518,1.0,3.9,4.9,2.4,0.9,1.1,0
Jarrell Brantley,4,26,UTA,2.0,3.5,0.571,1.0,2.3,0.444,1.0,1.3,0.8,0.3,1.3,1.5,0.8,0.0,0.5,0
Juancho Hernangómez,4,27,TOR,1.1,2.7,0.421,0.4,1.6,0.254,0.7,1.1,0.66,0.6,2.3,2.9,0.6,0.4,0.1,0
Zeke Nnaji,4,22,DEN,2.1,3.7,0.561,0.3,1.2,0.262,1.8,2.5,0.71,1.2,1.4,2.6,0.3,0.3,0.4,0
Georges Niang,4,29,PHI,2.8,6.4,0.442,2.0,4.9,0.401,0.9,1.5,0.576,0.2,2.1,2.4,1.0,0.4,0.2,0
Harrison Barnes,4,30,SAC,4.6,9.6,0.473,1.6,4.3,0.374,3.0,5.3,0.553,1.1,3.4,4.5,1.6,0.7,0.1,0
Larry Nance Jr.,4,30,NOP,2.9,4.7,0.61,0.2,0.6,0.333,2.6,4.0,0.654,1.6,3.8,5.4,1.8,0.9,0.6,1
KZ Okpala,4,23,SAC,0.5,1.1,0.421,0.2,0.6,0.333,0.3,0.5,0.529,0.2,0.8,1.0,0.4,0.2,0.2,1
JT Thor,4,20,CHO,1.4,3.4,0.399,0.6,1.8,0.317,0.8,1.7,0.487,0.5,1.7,2.2,0.5,0.3,0.3,0
Rui Hachimura,4,24,TOT,4.5,9.3,0.486,0.8,2.5,0.319,3.7,6.7,0.55,0.8,3.7,4.5,0.9,0.3,0.4,0
Sam Hauser,4,25,BOS,2.3,5.0,0.455,1.8,4.2,0.418,0.5,0.8,0.656,0.4,2.1,2.6,0.9,0.4,0.3,0
Paolo Banchero,4,20,ORL,6.7,15.6,0.427,1.2,4.0,0.298,5.5,11.6,0.471,1.2,5.7,6.9,3.7,0.8,0.5,0
Trendon Watford,4,22,POR,2.9,5.2,0.56,0.4,1.0,0.391,2.5,4.2,0.602,0.7,3.2,3.8,2.1,0.5,0.2,0
Markieff Morris,4,33,TOT,1.3,3.3,0.409,0.8,2.0,0.394,0.5,1.3,0.432,0.4,1.7,2.0,0.9,0.3,0.1,0
Marcus Morris,4,33,LAC,4.2,9.9,0.426,1.7,4.7,0.364,2.5,5.2,0.484,0.4,3.5,4.0,1.8,0.6,0.3,0
Jeff Green,4,36,DEN,2.9,5.9,0.488,0.5,1.9,0.288,2.3,4.0,0.58,0.7,1.9,2.6,1.2,0.3,0.3,0
Chris Boucher,4,30,TOR,3.4,7.0,0.493,0.8,2.5,0.328,2.6,4.5,0.585,2.1,3.5,5.5,0.4,0.6,0.8,0
Jonathan Isaac,4,25,ORL,2.0,4.8,0.415,0.5,1.4,0.4,1.5,3.5,0.421,1.4,2.6,4.0,0.5,1.3,0.4,0
Isaiah Mobley,4,23,CLE,0.9,2.2,0.429,0.2,0.6,0.375,0.7,1.5,0.45,0.3,1.2,1.5,0.2,0.3,0.2,0
Evan Mobley,4,21,CLE,6.6,12.0,0.554,0.3,1.3,0.216,6.4,10.7,0.595,2.4,6.6,9.0,2.8,0.8,1.5,1
JaMychal Green,4,32,GSW,2.4,4.4,0.54,0.7,1.9,0.378,1.6,2.5,0.667,1.3,2.3,3.6,0.9,0.4,0.4,0
Bol Bol,4,23,ORL,3.7,6.8,0.546,0.4,1.6,0.265,3.3,5.2,0.633,1.0,4.8,5.8,1.0,0.4,1.2,0
T.J. Warren,4,29,TOT,3.1,6.4,0.489,0.5,1.6,0.328,2.6,4.8,0.542,0.6,2.3,2.9,1.0,0.5,0.3,0
Tobias Harris,4,30,PHI,5.7,11.4,0.501,1.7,4.4,0.389,4.0,7.0,0.57,0.9,4.8,5.7,2.5,0.9,0.5,0
Omer Yurtseven,5,24,MIA,1.8,3.0,0.593,0.3,0.8,0.429,1.4,2.2,0.65,0.9,1.7,2.6,0.2,0.2,0.2,1
Daniel Theis,5,30,IND,3.0,6.3,0.477,0.3,1.6,0.182,2.7,4.7,0.576,1.0,2.1,3.1,1.3,0.3,0.9,0
Mark Williams,5,21,CHO,3.7,5.8,0.637,0.0,0.0,0.0,3.7,5.8,0.637,2.2,4.9,7.1,0.4,0.7,1.0,0
Christian Wood,5,27,DAL,5.9,11.5,0.515,1.6,4.2,0.376,4.3,7.3,0.594,1.3,6.0,7.3,1.8,0.4,1.1,0
Robert Williams,5,25,BOS,3.6,4.9,0.747,0.0,0.0,0.0,3.6,4.8,0.751,3.0,5.4,8.3,1.4,0.6,1.4,0
Noah Vonleh,5,27,BOS,0.5,1.0,0.458,0.0,0.2,0.25,0.4,0.9,0.5,0.8,1.3,2.1,0.3,0.1,0.3,1
Nikola Vu?evi?,5,32,CHI,7.3,14.0,0.52,1.5,4.2,0.349,5.8,9.8,0.594,1.9,9.1,11.0,3.2,0.7,0.7,1
James Wiseman,5,21,TOT,4.2,7.5,0.558,0.1,0.4,0.2,4.1,7.1,0.58,1.6,4.3,5.9,0.7,0.2,0.6,0
Moritz Wagner,5,25,ORL,3.5,6.9,0.5,0.9,2.9,0.313,2.6,4.1,0.631,1.2,3.3,4.5,1.5,0.6,0.2,0
Isaiah Stewart,5,21,DET,3.9,8.8,0.442,1.3,4.1,0.327,2.6,4.7,0.542,2.3,5.8,8.1,1.4,0.4,0.7,0
Jonas Valan?i?nas,5,30,NOP,5.6,10.3,0.547,0.5,1.4,0.349,5.2,8.9,0.577,2.8,7.3,10.2,1.8,0.3,0.7,0
Myles Turner,5,26,IND,6.5,11.8,0.548,1.5,4.0,0.373,5.0,7.8,0.638,1.4,6.1,7.5,1.4,0.6,2.3,0
Precious Achiuwa,5,23,TOR,3.6,7.3,0.485,0.5,2.0,0.269,3.0,5.4,0.564,1.8,4.1,6.0,0.9,0.6,0.5,0
Marko Simonovic,5,23,CHI,0.3,1.0,0.286,0.1,0.6,0.25,0.1,0.4,0.333,0.1,0.1,0.3,0.0,0.0,0.0,0
Dewayne Dedmon,5,33,TOT,2.0,4.0,0.51,0.3,1.0,0.308,1.7,2.9,0.58,0.9,2.6,3.5,0.7,0.2,0.5,0
Gorgui Dieng,5,33,SAS,1.5,3.8,0.385,0.7,2.4,0.28,0.8,1.4,0.571,0.9,2.6,3.5,1.7,0.1,0.5,0
Andre Drummond,5,29,CHI,2.5,4.1,0.606,0.0,0.0,0.0,2.5,4.0,0.613,2.1,4.6,6.6,0.5,0.7,0.4,0
Jalen Duren,5,19,DET,3.9,5.9,0.648,0.0,0.0,0.0,3.9,5.9,0.652,3.4,5.5,8.9,1.1,0.7,0.9,0
Joel Embiid,5,28,PHI,11.0,20.1,0.548,1.0,3.0,0.33,10.0,17.1,0.587,1.7,8.4,10.2,4.2,1.0,1.7,0
Drew Eubanks,5,25,POR,2.7,4.3,0.641,0.1,0.2,0.389,2.7,4.1,0.655,1.7,3.7,5.4,1.3,0.5,1.3,0
Bruno Fernando,5,24,TOT,1.5,2.9,0.527,0.0,0.1,0.0,1.5,2.8,0.546,1.4,2.1,3.5,0.8,0.2,0.9,1
Daniel Gafford,5,24,WAS,3.7,5.1,0.732,0.0,0.0,0.0,3.7,5.1,0.732,2.1,3.5,5.6,1.1,0.4,1.3,0
Anthony Davis,5,29,LAL,9.7,17.2,0.563,0.3,1.3,0.257,9.3,15.9,0.589,3.5,9.1,12.5,2.6,1.1,2.0,0
Luka Garza,5,24,MIN,2.3,4.1,0.543,0.5,1.4,0.359,1.8,2.8,0.636,1.2,1.1,2.3,0.6,0.1,0.1,0
Rudy Gobert,5,30,MIN,5.1,7.8,0.659,0.0,0.0,0.0,5.1,7.8,0.663,3.3,8.3,11.6,1.2,0.8,1.4,0
Blake Griffin,5,33,BOS,1.5,3.2,0.485,0.6,1.6,0.348,1.0,1.6,0.625,1.1,2.6,3.8,1.5,0.3,0.2,0
Montrezl Harrell,5,29,PHI,2.2,3.7,0.598,0.0,0.1,0.0,2.2,3.6,0.616,1.2,1.6,2.8,0.6,0.3,0.4,1
Isaiah Hartenstein,5,24,NYK,2.1,4.0,0.535,0.1,0.5,0.216,2.0,3.5,0.576,2.5,4.0,6.5,1.2,0.6,0.8,0
Udonis Haslem,5,42,MIA,1.4,4.1,0.345,0.4,1.3,0.333,1.0,2.9,0.35,0.6,1.0,1.6,0.0,0.1,0.3,0
Jaxson Hayes,5,22,NOP,1.8,3.3,0.551,0.1,0.6,0.103,1.8,2.7,0.654,0.8,2.0,2.8,0.7,0.4,0.4,0
Willy Hernangómez,5,28,NOP,2.3,4.4,0.527,0.1,0.3,0.273,2.3,4.2,0.544,1.5,3.2,4.7,0.9,0.4,0.3,0
Richaun Holmes,5,29,SAC,1.3,2.1,0.618,0.1,0.2,0.625,1.2,1.9,0.617,0.7,1.2,1.9,0.2,0.1,0.3,1
Taj Gibson,5,37,WAS,1.3,2.6,0.52,0.2,0.5,0.333,1.2,2.1,0.564,0.7,1.2,1.9,0.7,0.3,0.2,1
Al Horford,5,36,BOS,3.6,7.6,0.476,2.3,5.2,0.446,1.3,2.4,0.539,1.2,5.0,6.2,3.0,0.5,1.0,0
Chance Comanche,5,26,POR,3.0,5.0,0.6,0.0,0.0,0.0,3.0,5.0,0.6,2.0,1.0,3.0,0.0,0.0,1.0,0
Nic Claxton,5,23,BRK,5.4,7.7,0.705,0.0,0.0,0.0,5.4,7.7,0.708,2.4,6.8,9.2,1.9,0.9,2.5,0
Steven Adams,5,29,MEM,3.7,6.3,0.597,0.0,0.0,0.0,3.7,6.2,0.599,5.1,6.5,11.5,2.3,0.9,1.1,0
Bam Adebayo,5,25,MIA,8.0,14.9,0.54,0.0,0.2,0.083,8.0,14.7,0.545,2.5,6.7,9.2,3.2,1.2,0.8,1
Jarrett Allen,5,24,CLE,5.9,9.2,0.644,0.0,0.1,0.1,5.9,9.1,0.653,3.3,6.5,9.8,1.7,0.8,1.2,1
Deandre Ayton,5,24,PHO,7.8,13.2,0.589,0.1,0.4,0.292,7.7,12.9,0.597,2.6,7.4,10.0,1.7,0.6,0.8,1
Udoka Azubuike,5,23,UTA,1.6,2.0,0.819,0.0,0.0,0.0,1.6,2.0,0.819,0.9,2.4,3.3,0.3,0.2,0.4,1
Marvin Bagley III,5,23,DET,4.8,9.1,0.529,0.5,1.6,0.288,4.4,7.5,0.579,2.2,4.2,6.4,0.9,0.5,0.7,0
Mo Bamba,5,24,TOT,2.4,4.9,0.485,1.0,2.5,0.387,1.4,2.4,0.59,1.2,3.4,4.6,0.9,0.3,0.9,1
Charles Bassey,5,22,SAS,2.5,3.9,0.644,0.1,0.2,0.375,2.4,3.6,0.661,2.1,3.4,5.5,1.3,0.5,0.9,0
Zach Collins,5,25,SAS,4.5,8.7,0.518,0.9,2.3,0.374,3.6,6.4,0.571,1.8,4.5,6.4,2.9,0.6,0.8,0
Khem Birch,5,30,TOR,1.0,1.6,0.594,0.1,0.1,0.5,0.9,1.5,0.6,0.4,0.9,1.3,0.4,0.3,0.3,1
Bismack Biyombo,5,30,PHO,2.0,3.4,0.578,0.0,0.0,0.0,2.0,3.4,0.578,1.5,2.8,4.3,0.9,0.3,1.4,0
Tony Bradley,5,25,CHI,0.5,1.0,0.5,0.3,0.4,0.6,0.3,0.6,0.429,0.1,0.8,0.9,0.1,0.1,0.1,0
Moses Brown,5,23,TOT,1.7,2.7,0.635,0.0,0.0,0.0,1.7,2.7,0.635,1.6,2.3,3.9,0.1,0.1,0.4,0
Thomas Bryant,5,25,TOT,3.9,6.3,0.623,0.4,1.0,0.441,3.5,5.3,0.658,1.5,4.3,5.7,0.5,0.3,0.5,0
John Butler,5,20,POR,0.9,2.8,0.321,0.4,1.8,0.229,0.5,0.9,0.5,0.2,0.7,0.9,0.6,0.4,0.5,1
Clint Capela,5,28,ATL,5.4,8.2,0.653,0.0,0.0,0.0,5.4,8.2,0.654,4.0,7.1,11.0,0.9,0.7,1.2,0
Vernon Carey Jr.,5,21,WAS,0.2,0.7,0.25,0.0,0.0,0.0,0.2,0.7,0.25,0.3,0.7,1.0,0.3,0.2,0.2,0
Wendell Carter Jr.,5,23,ORL,5.6,10.8,0.525,1.4,3.9,0.356,4.2,6.8,0.624,2.1,6.6,8.7,2.3,0.5,0.6,0
Goga Bitadze,5,23,TOT,1.8,3.3,0.552,0.2,0.7,0.231,1.7,2.6,0.636,1.6,2.0,3.6,1.0,0.4,0.7,0
Jay Huff,5,24,WAS,2.1,3.6,0.6,0.9,1.7,0.5,1.3,1.9,0.692,0.9,2.1,3.0,1.4,0.4,0.6,0
Serge Ibaka,5,33,MIL,1.6,3.4,0.481,0.4,1.1,0.333,1.3,2.3,0.556,0.9,1.8,2.8,0.3,0.1,0.4,1
Isaiah Jackson,5,21,IND,2.8,5.0,0.563,0.0,0.2,0.143,2.8,4.8,0.582,1.8,2.7,4.5,0.8,0.5,1.5,0
Jusuf Nurki?,5,28,POR,5.0,9.7,0.519,0.8,2.3,0.361,4.2,7.4,0.567,2.2,6.9,9.1,2.9,0.8,0.8,0
Onyeka Okongwu,5,22,ATL,4.0,6.2,0.638,0.1,0.2,0.308,3.9,6.1,0.647,2.7,4.5,7.2,1.0,0.7,1.3,0
Kelly Olynyk,5,31,UTA,4.1,8.2,0.499,1.4,3.5,0.394,2.7,4.7,0.576,1.2,5.0,6.2,3.7,0.9,0.5,0
Mason Plumlee,5,32,TOT,4.2,6.1,0.68,0.0,0.0,0.0,4.2,6.1,0.68,2.9,6.0,8.9,3.1,0.6,0.6,0
Jakob Poeltl,5,27,TOT,5.4,8.6,0.629,0.0,0.0,0.0,5.4,8.6,0.63,3.3,5.8,9.1,2.7,0.9,1.2,0
Kristaps Porzi??is,5,27,WAS,7.8,15.7,0.498,2.1,5.5,0.385,5.7,10.2,0.559,1.8,6.6,8.4,2.7,0.9,1.5,0
Dwight Powell,5,31,DAL,2.6,3.5,0.732,0.0,0.1,0.0,2.6,3.5,0.746,2.0,2.2,4.1,0.9,0.6,0.3,0
Neemias Queta,5,23,SAC,1.2,1.8,0.667,0.0,0.0,0.0,1.2,1.8,0.667,1.0,1.2,2.2,0.2,0.0,0.4,0
Nerlens Noel,5,28,TOT,0.8,2.1,0.361,0.1,0.1,0.5,0.7,2.0,0.353,0.6,2.1,2.7,0.6,0.9,0.6,0
Paul Reed,5,23,PHI,1.8,3.0,0.593,0.0,0.1,0.167,1.8,2.9,0.606,1.6,2.2,3.8,0.4,0.7,0.7,0
Nick Richards,5,25,CHO,3.0,4.8,0.629,0.0,0.0,1.0,3.0,4.8,0.628,2.3,4.1,6.4,0.6,0.2,1.1,0
Mitchell Robinson,5,24,NYK,3.2,4.7,0.671,0.0,0.0,0.0,3.2,4.7,0.671,4.5,4.9,9.4,0.9,0.9,1.8,0
Orlando Robinson,5,22,MIA,1.5,2.9,0.528,0.0,0.2,0.0,1.5,2.7,0.566,1.5,2.5,4.1,0.8,0.4,0.4,0
Domantas Sabonis,5,26,SAC,7.3,11.9,0.615,0.4,1.1,0.373,6.9,10.8,0.639,3.2,9.1,12.3,7.3,0.8,0.5,0
Olivier Sarr,5,23,OKC,1.7,3.3,0.5,0.1,0.9,0.125,1.6,2.4,0.636,1.3,2.1,3.4,0.4,0.1,0.6,0
Alperen Þengün,5,20,HOU,5.9,10.7,0.553,0.3,0.8,0.333,5.6,9.9,0.57,3.2,5.8,9.0,3.9,0.9,0.9,0
Day'Ron Sharpe,5,21,BRK,1.9,3.6,0.544,0.1,0.2,0.545,1.8,3.3,0.544,2.1,2.1,4.2,0.8,0.3,0.7,1
Pascal Siakam,5,28,TOR,8.9,18.5,0.48,1.3,4.0,0.324,7.6,14.5,0.523,1.8,6.0,7.8,5.8,0.9,0.5,0
Naz Reid,5,23,MIN,4.6,8.5,0.537,1.1,3.2,0.346,3.5,5.3,0.653,1.1,3.8,4.9,1.1,0.6,0.8,0
Mike Muscala,5,31,TOT,2.1,4.6,0.449,1.3,3.3,0.391,0.8,1.3,0.588,0.6,2.6,3.2,0.8,0.2,0.4,0
Chimezie Metu,5,25,SAC,2.0,3.3,0.589,0.1,0.6,0.237,1.8,2.7,0.663,0.7,2.3,3.0,0.6,0.3,0.3,0
JaVale McGee,5,35,DAL,1.9,3.0,0.64,0.0,0.1,0.4,1.9,2.9,0.65,0.7,1.8,2.5,0.3,0.1,0.6,1
Jaren Jackson Jr.,5,23,MEM,6.6,13.0,0.506,1.6,4.5,0.355,5.0,8.6,0.585,1.7,5.0,6.8,1.0,1.0,3.0,0
Nikola Joki?,5,27,DEN,9.4,14.8,0.632,0.8,2.2,0.383,8.5,12.7,0.675,2.4,9.4,11.8,9.8,1.3,0.7,0
Damian Jones,5,27,TOT,1.3,2.1,0.64,0.2,0.4,0.588,1.1,1.7,0.652,1.0,2.0,3.0,0.4,0.2,0.5,0
Kai Jones,5,22,CHO,1.5,2.6,0.558,0.1,0.4,0.211,1.4,2.2,0.624,0.8,1.9,2.7,0.3,0.4,0.7,1
DeAndre Jordan,5,34,DEN,2.3,2.9,0.765,0.0,0.0,1.0,2.2,2.9,0.763,1.3,3.8,5.2,0.9,0.3,0.6,0
Frank Kaminsky,5,29,TOT,0.9,1.8,0.492,0.4,0.9,0.394,0.5,0.8,0.6,0.2,1.3,1.4,0.9,0.2,0.1,0
Walker Kessler,5,21,UTA,4.0,5.6,0.72,0.0,0.0,0.333,4.0,5.6,0.723,3.1,5.3,8.4,0.9,0.4,2.3,0
Maxi Kleber,5,31,DAL,2.1,4.6,0.456,1.1,3.0,0.348,1.0,1.5,0.667,0.8,2.8,3.6,1.4,0.3,0.8,0
Cody Zeller,5,30,MIA,2.5,3.9,0.627,0.0,0.1,0.0,2.5,3.8,0.649,1.7,2.6,4.3,0.7,0.2,0.3,1
Christian Koloko,5,22,TOR,1.2,2.6,0.48,0.0,0.2,0.083,1.2,2.4,0.514,1.4,1.5,2.9,0.5,0.4,1.0,0
Luke Kornet,5,27,BOS,1.6,2.5,0.665,0.0,0.2,0.231,1.6,2.3,0.701,1.2,1.6,2.9,0.8,0.2,0.7,0
Jock Landale,5,27,PHO,2.6,4.9,0.528,0.3,1.2,0.25,2.3,3.7,0.621,1.7,2.3,4.1,1.0,0.2,0.4,0
Alex Len,5,29,SAC,0.6,1.2,0.533,0.0,0.1,0.0,0.6,1.1,0.571,0.9,1.4,2.3,0.5,0.2,0.4,0
Meyers Leonard,5,30,MIL,1.6,3.2,0.483,0.8,2.0,0.389,0.8,1.2,0.636,1.3,2.4,3.8,0.1,0.2,0.0,0
Kevon Looney,5,26,GSW,3.0,4.7,0.63,0.0,0.0,0.0,3.0,4.7,0.632,3.3,5.9,9.3,2.5,0.6,0.6,1
Brook Lopez,5,34,MIL,6.1,11.5,0.531,1.7,4.7,0.374,4.4,6.9,0.637,2.0,4.7,6.7,1.3,0.5,2.5,0
Robin Lopez,5,34,CLE,1.3,2.0,0.64,0.1,0.1,0.5,1.2,1.9,0.648,0.6,0.8,1.4,0.5,0.1,0.2,1
Sandro Mamukelashvili,5,23,TOT,2.3,5.3,0.422,0.7,2.3,0.303,1.6,3.0,0.511,1.6,2.7,4.3,1.4,0.3,0.3,0
Boban Marjanovi?,5,34,HOU,1.3,1.9,0.683,0.0,0.0,0.0,1.3,1.9,0.695,0.6,1.3,1.9,0.3,0.2,0.1,0
Jericho Sims,5,24,NYK,1.6,2.1,0.776,0.0,0.0,0.0,1.6,2.0,0.783,1.9,2.8,4.7,0.5,0.3,0.5,1
Ivica Zubac,5,25,LAC,4.3,6.8,0.634,0.0,0.0,0.0,4.3,6.7,0.637,3.1,6.8,9.9,1.0,0.4,1.3,0
